grade,class,assignment,prepost,paragraph_count,sentence_count,word_count,num_problem_spaces,num_misspelt,num_grammar_problems,dale_chall_readability_score,smog_index,flesch_reading_ease,flesch_kincaid_grade,linsear_write_formula,coleman_liau_index,automated_readability_index,yule_vocab_richness,total_score,nouns,pronouns,verbs,adjectives,adverbs,conjunctions,particles,pronouns,prepositions,others,simpson,fisher,brillouin,berger_parker,percent_active,ave_sent_length,sd_sent_length,percent_short,percent_long,trans_count,trans_diversity
76,hyogenD_2019,narrative_essay,post,4,42,422,0,15,23,5.39,7.6,5.61,86.5,3.7,5.666666667,4.67,3.4,12.21434079,6,4,30,0,2,3,2,0,1,0,0.36034298,1.4932568,0.805362629,0.731707317,0.619047619,10.04761905,4.005664923,0.023809524,0,37,9
77,hyogenACE_2019,descriptive_essay,pre,6,30,263,0,3,8,4.95,6.5,4.49,95.88,2.2,3.307692308,3.51,2.3,14.24695652,5,1,20,0,0,5,1,0,3,0,0.426814988,1.297815522,0.645719645,0.740740741,0.8,8.766666667,4.716519432,0.033333333,0,18,6
78,hyogenACE_2019,process_essay,pre,7,43,418,3,18,17,5.52,7.6,5.5,77.84,5,5.444444444,7.34,5.7,8.915771812,6,11,11,3,3,6,3,0,9,0,0.748087432,2.029363479,1.415445058,0.297297297,0.869565217,9.086956522,3.412420325,0.02173913,0,43,8
78,hyogenACE_2019,descriptive_essay,pre,4,39,312,3,10,16,5.39,7,5.45,85.99,3.9,4.4,4.27,3.5,9.817409766,4,2,25,0,0,8,4,0,0,0,0.536318759,1.116943034,0.875701311,0.641025641,0.923076923,8,3.137858162,0.025641026,0,46,7
78,hyogenACE_2019,descriptive_essay,post,11,41,307,0,2,12,1.22,7.2,4.48,87.82,3.2,3.615384615,3.45,2.3,9.735023041,4,2,21,0,0,9,6,0,3,0,0.642348754,1.127871708,0.987206154,0.552631579,0.975609756,7.487804878,2.75965667,0.024390244,0,35,3
78,hyogenD_2019,narrative_essay,pre,4,47,413,7,12,22,5.52,7.7,6.18,85.89,4,5.111111111,3.58,2.8,10.51591788,6,1,28,0,2,3,6,0,3,4,0.383693046,1.508351429,0.834168468,0.7,0.914893617,8.787234043,5.378982622,0.021276596,0,59,11
79,hyogenACE_2019,descriptive_essay,pre,7,26,331,0,4,10,5.29,8,6.97,81.63,5.6,7.142857143,6.02,6.1,12.69468547,6,3,13,0,2,4,0,0,4,0,0.611111111,1.430662181,0.920729864,0.590909091,0.807692308,12.73076923,5.900180521,0.038461538,0,51,4
79,hyogenACE_2019,descriptive_essay,pre,5,22,290,3,5,10,6.05,9.2,7.31,75.2,6,6.625,7.82,6.8,16.97306397,7,3,9,0,0,5,4,0,3,0,0.841603053,1.465222077,1.086714589,0.428571429,0.958333333,12.08333333,7.609843771,0.041666667,0.041666667,43,6
79,hyogenACE_2019,descriptive_essay,pre,7,21,234,2,5,3,5.87,8,6.57,84.27,4.6,5.333333333,6.02,5.3,12.57024793,6,2,13,0,0,3,1,0,2,0,0.493169399,1.546303963,0.752779668,0.684210526,0.761904762,11.14285714,4.59073305,0.047619048,0,29,7
79,hyogenACE_2019,descriptive_essay,pre,7,27,304,3,9,12,5.81,8.1,7.08,82.24,5.4,7.833333333,4.28,4.7,15.59090909,5,1,15,0,0,6,0,0,5,0,0.615776081,0.938626343,0.636029943,0.681818182,0.777777778,11.25925926,6.392081864,0.037037037,0,32,4
79,hyogenACE_2019,descriptive_essay,pre,6,21,223,0,13,10,5.96,8.3,6.55,84.37,4.5,4.5,6.42,5.9,19.10013717,6,3,10,0,0,3,1,0,3,1,0.607142857,1.649097015,0.871596585,0.588235294,0.904761905,10.61904762,3.884967248,0.047619048,0,33,6
79,hyogenACE_2019,narrative_essay,pre,5,41,417,4,4,11,5.53,7.8,6.26,84.37,4.5,8,5.67,4.8,12.52332016,6,2,19,0,1,9,3,0,8,0,0.507017544,1.616920936,0.998653213,0.558823529,0.714285714,9.928571429,4.672069273,0.023809524,0,63,11
79,hyogenB_2019,narrative_essay,pre,4,52,414,1,21,20,5.51,7.4,5.31,88.33,3,5.666666667,2.63,1.4,12.18079316,6,6,42,0,1,3,0,0,0,0,0.373480663,1.009954509,0.581114312,0.807692308,0.846153846,7.961538462,3.322195396,0.019230769,0,44,9
79,hyogenD_2019,narrative_essay,pre,3,34,418,0,7,3,5.19,7.6,5.5,84.37,4.5,7.142857143,4.57,3.8,11.85384292,5,3,17,2,0,5,1,0,6,0,0.47804878,1.772198709,0.968295403,0.607142857,0.735294118,12.29411765,6.195488927,0.029411765,0,39,10
79,hyogenD_2019,narrative_essay,pre,4,62,487,2,17,20,5.25,6.7,4.17,88.43,3,5,4.31,3,10.76622691,5,10,33,0,3,7,5,0,5,0,0.528930818,1.311868796,1.124017229,0.568965517,0.920634921,7.73015873,4.202064305,0.015873016,0,78,14
79,hyogenD_2019,narrative_essay,pre,4,45,414,1,9,12,5.24,8.1,5.82,84.57,4.5,5.222222222,5.32,4.4,10.45723173,5,1,28,1,4,4,3,0,5,0,0.338774688,1.936078477,0.926746378,0.682926829,0.847826087,9,4.907846424,0.02173913,0,51,12
80,hyogenB_2019,analysis_essay,pre,6,23,327,0,3,2,5.94,9.9,8.81,71.04,7.6,11.6,6.38,7.1,6.964904071,8,2,6,1,0,7,1,0,6,0,0.635164835,2.387223706,1.041618453,0.411764706,0.608695652,14.2173913,8.531050813,0.043478261,0.043478261,22,5
80,hyogenD_2019,analysis_essay,pre,4,27,304,4,9,13,5.56,7.6,5.38,86.2,3.8,4.181818182,6.06,4.6,18.67037037,6,1,17,0,0,6,1,0,6,0,0.477828746,1.34439805,0.716771222,0.68,0.870967742,9.806451613,4.475159791,0.032258065,0,32,3
80,hyogenD_2019,analysis_essay,pre,4,26,335,2,4,8,6.47,11,9.4,63.19,8.5,6.625,8.41,8.7,21.544957,9,9,10,1,1,3,1,0,0,2,0.539723661,2.50353564,1.132224228,0.4,0.592592593,12.40740741,7.75676173,0.037037037,0.037037037,26,5
80,hyogenACE_2019,argumentative_essay,pre,8,37,340,1,21,8,5.94,9.4,6.87,68.57,6.5,5.1,7.35,5.9,11.4185022,7,5,18,0,2,4,3,0,5,0,0.541798942,1.66206113,1.084751938,0.5625,0.702702703,9.189189189,3.711471172,0.027027027,0,53,10
80,hyogenACE_2019,argumentative_essay,pre,8,24,316,0,4,9,5.82,10.8,8.26,71.65,7.4,6.875,8.29,8.5,10.76390686,7,4,5,0,2,8,1,0,4,0,0.727272727,2.139803668,1.15361604,0.4,0.583333333,13.16666667,5.792715732,0.041666667,0,45,9
80,hyogenACE_2019,argumentative_essay,post,11,30,336,0,5,7,5.96,8.7,7.46,75,6.1,5.333333333,6.42,6.1,14.0449848,6,3,12,1,2,7,1,0,4,0,0.541666667,2.445095985,1.164016125,0.461538462,0.833333333,11.2,5.838949677,0.033333333,0,57,7
80,hyogenACE_2019,process_essay,pre,8,40,468,0,5,7,5.56,9.2,7.19,83.46,4.9,6.25,5.61,5.2,9.46638781,6,5,15,2,1,8,3,0,6,0,0.587398374,2.11413673,1.258957496,0.441176471,0.775,11.7,4.106093034,0.025,0,46,7
80,hyogenACE_2019,process_essay,pre,8,23,346,1,18,13,5.65,9.4,10.28,73.41,8.8,5.555555556,6.39,9.7,10.37493658,6,3,8,0,1,5,3,0,4,0,0.740740741,2.139803668,1.168000144,0.4,0.75,14.41666667,7.262441432,0.041666667,0.041666667,53,11
80,hyogenACE_2019,process_essay,pre,6,34,480,4,4,5,5.68,8.1,7.84,88.47,5,8.5,5.68,6.6,8.069290914,6,2,15,1,1,5,3,0,6,1,0.458490566,2.391651752,1.088365513,0.555555556,0.794117647,14.11764706,8.184507265,0.029411765,0,52,7
80,hyogenACE_2019,process_essay,pre,7,39,427,1,9,13,5.85,8.4,8.34,79.5,6.4,4.7,5.39,6.5,5.596710849,6,4,11,0,7,10,1,0,6,0,0.758885017,1.638802161,1.23468277,0.333333333,1,10.94871795,3.815949779,0.025641026,0,36,7
80,hyogenACE_2019,process_essay,pre,7,29,456,0,1,13,5.98,10,9.23,68.6,8.5,8.5,8.07,9.5,7.773816004,9,2,10,1,1,9,1,0,5,0,0.510638298,2.567764389,1.091055924,0.416666667,0.655172414,15.72413793,5.400488814,0.034482759,0,71,14
80,hyogenACE_2019,process_essay,post,6,34,479,4,4,5,5.65,8.1,7.84,88.47,5,8.5,5.62,6.6,7.976273928,6,2,15,1,1,5,3,0,6,1,0.458490566,2.391651752,1.088365513,0.555555556,0.794117647,14.08823529,8.283107001,0.029411765,0.029411765,52,7
80,hyogenACE_2019,descriptive_essay,pre,5,36,320,0,5,14,5.88,8.1,5.88,79.26,4.4,4.6,6.12,4.3,13.20764331,6,3,18,0,0,7,1,0,7,0,0.548955614,1.257667534,0.846368032,0.620689655,0.972222222,8.888888889,4.357482567,0.027777778,0,51,11
80,hyogenACE_2019,descriptive_essay,pre,11,31,313,4,12,12,5.39,8.1,5.47,68.97,6.3,4.090909091,6.01,4.6,17.13072878,5,2,18,1,1,5,3,0,3,1,0.412087912,2.255300753,1.033013092,0.6,0.794117647,9.205882353,4.535995978,0.029411765,0,44,9
80,hyogenACE_2019,descriptive_essay,pre,4,28,248,1,7,8,5.91,8,5.4,87.31,3.4,4.8,5.71,4.3,31.05612999,6,1,17,0,0,6,2,0,2,0,0.512121212,1.320200546,0.787854997,0.653846154,0.857142857,8.857142857,3.738929237,0.035714286,0,20,5
80,hyogenACE_2019,descriptive_essay,post,7,12,204,1,4,8,6.98,10.6,11.08,67.79,8.8,7.285714286,8.18,9.9,26.93965517,9,2,9,0,0,0,0,0,2,0,0.711764706,0.71533109,0.364303017,0.818181818,0.538461538,15.69230769,7.858210947,0.076923077,0,28,4
80,hyogenACE_2019,descriptive_essay,post,11,31,313,4,12,12,5.39,8.1,5.47,68.97,6.3,4.090909091,6.01,4.6,17.13072878,5,2,18,1,1,5,3,0,3,1,0.412087912,2.255300753,1.033013092,0.6,0.794117647,9.205882353,4.535995978,0.029411765,0,44,9
80,hyogenACE_2019,narrative_essay,pre,10,110,852,4,68,46,5.3,7.5,4.36,79.97,4.2,5,8.43,6.7,7.722817764,5,23,50,3,8,13,5,0,11,0,0.526092233,1.393072562,1.305480474,0.490196078,0.734513274,7.513274336,3.660637413,0.008849558,0,103,17
80,hyogenACE_2019,narrative_essay,post,10,54,430,0,6,10,5.68,7.5,4.85,87.92,3.2,4.545454545,4.72,3.2,11.77163037,5,0,25,1,1,13,2,0,12,0,0.441,1.478847343,0.869594408,0.595238095,0.740740741,7.962962963,3.858434546,0.018518519,0,43,9
80,hyogenB_2019,narrative_essay,pre,13,51,412,0,14,25,5.91,7.6,6.11,84.88,4.4,5,7.58,6.4,18.21466993,6,21,15,0,2,6,6,0,1,0,0.673854447,1.383144827,1.226934141,0.42,0.921568627,8.078431373,4.124737127,0.019607843,0,38,7
80,hyogenB_2019,narrative_essay,pre,4,40,414,2,4,6,5.71,9.2,6.46,76.42,5.5,6.125,6.13,4.9,9.237317784,6,2,21,0,1,6,5,0,5,0,0.483234714,1.596288718,0.991318473,0.6,0.75,10.35,5.543239125,0.025,0,54,11
80,hyogenB_2019,narrative_essay,pre,6,51,393,2,2,7,5.6,7,4.73,88.53,2.9,5,5.65,3.9,16.32336821,6,13,26,1,2,1,5,0,3,0,0.438356164,1.810021713,1.070404565,0.541666667,0.823529412,7.705882353,3.95709399,0.019607843,0,48,6
80,hyogenB_2019,narrative_essay,pre,4,45,432,0,20,23,5.51,8.5,5.33,87.11,3.5,4.083333333,6.93,5,9.057810978,6,9,18,0,1,3,8,0,6,0,0.635073069,1.524186687,1.154823723,0.461538462,0.711111111,9.6,4.260412082,0.022222222,0,49,9
80,hyogenB_2019,narrative_essay,pre,10,43,474,1,2,11,6.07,8.6,6.97,82.85,5.1,4,6.49,6,12.34214391,6,0,19,1,1,10,4,0,6,2,0.511482255,1.596288718,0.986109286,0.542857143,0.581395349,11.02325581,5.546791958,0.023255814,0,70,9
80,hyogenB_2019,narrative_essay,pre,8,51,403,0,4,12,5.32,7,4.52,87.42,3.4,4.7,6,4.7,8.645249221,5,5,14,0,2,15,9,0,6,0,0.762711864,1.439255023,1.283354993,0.333333333,0.901960784,7.901960784,3.615082251,0.019607843,0,54,8
80,hyogenB_2019,narrative_essay,post,7,43,413,0,15,14,5.68,8,5.86,77.94,4.9,5.222222222,4.44,3.3,7.077688692,6,0,20,1,1,11,5,0,5,0,0.527007299,1.540824428,1.009020594,0.526315789,0.674418605,9.604651163,3.590293989,0.023255814,0,71,9
80,hyogenB_2019,narrative_essay,post,4,39,411,2,3,5,5.85,9.2,6.69,76.11,5.6,6.125,6.19,5,9.650903614,6,2,20,0,1,6,5,0,5,0,0.496137339,1.616920936,1.005450616,0.588235294,0.743589744,10.53846154,5.62433428,0.025641026,0,50,10
80,hyogenD_2019,narrative_essay,pre,5,48,420,3,22,24,5.57,8.9,6.13,76.01,5.7,6.625,6.31,5.5,14.27920709,6,9,19,0,1,4,4,0,7,4,0.576421053,1.558333873,1.103589003,0.513513514,0.8125,8.75,5.068283733,0.020833333,0,38,5
80,hyogenD_2019,narrative_essay,pre,13,46,424,1,32,27,5.69,8.8,6.15,76.72,5.4,6.375,6.71,5.8,16.11231394,6,11,21,0,2,3,2,0,8,0,0.525388601,1.524186687,1.04028871,0.538461538,0.723404255,9.021276596,5.883584671,0.021276596,0,39,7
80,hyogenD_2019,narrative_essay,pre,8,36,417,2,3,7,5.86,8.7,6.93,74.69,6.2,5.444444444,6.08,5.4,6.06305578,6,2,18,0,1,5,2,0,6,0,0.437988827,1.772198709,0.904303994,0.642857143,0.676470588,12.26470588,4.864691657,0.029411765,0,63,11
80,hyogenD_2019,narrative_essay,pre,6,34,414,1,3,12,5.49,7,6.55,90.9,4.1,5.625,5.56,5.3,10.85894942,6,12,8,0,1,1,6,0,6,0,0.637398374,1.772198709,1.097095519,0.428571429,0.647058824,12.17647059,5.485116698,0.029411765,0,45,8
80,hyogenD_2019,narrative_essay,pre,4,42,414,0,4,10,5.69,7.1,5.6,86.1,3.9,5.333333333,5.32,3.8,16.85505319,6,1,26,0,3,4,1,0,7,0,0.348506401,1.596288718,0.740133158,0.742857143,0.80952381,9.857142857,5.203347954,0.023809524,0,55,10
80,hyogenD_2019,narrative_essay,pre,5,49,428,1,3,23,5.66,7.6,5.94,83.96,4.7,8.5,4.86,4.6,13.06626074,5,2,28,1,1,1,6,0,10,0,0.306529625,1.980300809,0.806913301,0.717948718,0.857142857,8.734693878,4.284645153,0.020408163,0,49,9
80,hyogenD_2019,narrative_essay,post,12,62,491,2,14,19,5.33,7,4.56,87.42,3.4,4.4,5.25,4.1,10.3992278,5,10,32,0,4,7,5,0,5,0,0.554200988,1.311868796,1.160400215,0.551724138,0.952380952,7.793650794,4.310042648,0.015873016,0,73,12
80,hyogenD_2019,narrative_essay,post,4,45,415,1,5,9,5.16,8.1,5.81,84.57,4.5,5.222222222,5.26,4.4,9.920015308,5,1,28,1,4,4,3,0,5,0,0.338774688,1.936078477,0.926746378,0.682926829,0.847826087,9.02173913,4.878921524,0.02173913,0,51,12
80,hyogenD_2019,narrative_essay,post,4,47,416,7,11,19,5.51,7.7,6.16,85.89,4,5.111111111,3.63,2.9,10.4907489,6,1,28,0,2,3,6,0,3,4,0.383693046,1.508351429,0.834168468,0.7,0.893617021,8.85106383,5.311483839,0.021276596,0,60,11
80,hyogenD_2019,narrative_essay,post,5,48,420,3,22,24,5.57,8.9,6.13,76.01,5.7,6.625,6.31,5.5,14.27920709,6,9,19,0,1,4,4,0,7,4,0.576421053,1.558333873,1.103589003,0.513513514,0.8125,8.75,5.068283733,0.020833333,0,38,5
80,hyogenD_2019,narrative_essay,post,5,49,428,1,3,23,5.66,7.6,5.94,83.96,4.7,8.5,4.86,4.6,13.06626074,5,2,28,1,1,1,6,0,10,0,0.306529625,1.980300809,0.806913301,0.717948718,0.857142857,8.734693878,4.284645153,0.020408163,0,49,9
81,hyogenACE_2019,argumentative_essay,pre,9,21,320,0,4,3,6.26,9.7,9.5,68.1,8.7,7.142857143,8.07,9.9,14.04424779,10,3,5,0,2,3,1,0,7,0,0.816666667,2.78237954,1.151933094,0.357142857,0.619047619,15.23809524,7.276215408,0.047619048,0.047619048,44,8
81,hyogenACE_2019,process_essay,pre,11,44,434,0,4,3,6.21,8.6,6.84,83.96,4.7,4.5,7.82,6.7,7.59202454,7,11,16,2,1,1,0,0,13,0,0.501827676,1.686845582,0.942738981,0.516129032,0.636363636,9.863636364,6.225281699,0.022727273,0,33,5
81,hyogenACE_2019,descriptive_essay,pre,4,16,212,1,11,9,6.39,9.8,7.93,75,6.1,7.714285714,7.58,6.7,23.91290824,8,2,10,0,0,1,1,0,2,0,0.462264151,1.87081181,0.670975816,0.714285714,0.75,13.25,7.022285953,0.0625,0,25,5
81,hyogenACE_2019,descriptive_essay,pre,8,17,215,0,2,1,5.78,8.4,8.1,80.11,6.2,5.666666667,6.26,7,15.20451527,6,1,14,0,0,0,2,0,0,0,0.479270315,1.057068365,0.44827677,0.823529412,0.647058824,12.64705882,7.44344304,0.058823529,0.058823529,26,6
81,hyogenACE_2019,descriptive_essay,pre,9,19,343,0,9,8,6.53,10.8,11.28,73.92,8.6,8.5,8.36,11,7.853927813,9,1,11,0,0,3,1,0,3,0,0.484848485,1.711842928,0.711112049,0.6875,0.789473684,18.05263158,6.977208643,0.052631579,0,41,4
81,hyogenACE_2019,descriptive_essay,pre,10,14,219,0,3,4,7.16,13.6,13.6,52.43,12.7,8,10.62,15.2,17.59276018,14,1,10,0,1,2,0,0,0,0,0.462264151,1.87081181,0.670975816,0.714285714,0.571428571,15.64285714,4.965698668,0.071428571,0,34,5
81,hyogenACE_2019,descriptive_essay,post,9,19,343,0,9,8,6.53,10.8,11.28,73.92,8.6,8.5,8.36,11,7.853927813,9,1,11,0,0,3,1,0,3,0,0.484848485,1.711842928,0.711112049,0.6875,0.789473684,18.05263158,6.977208643,0.052631579,0,41,4
81,hyogenACE_2019,narrative_essay,pre,7,22,363,1,10,4,6.17,8.8,9.49,76.76,7.5,11.4,6.67,8.7,11.47193437,9,0,12,1,1,7,0,0,2,0,0.565384615,1.465222077,0.803226812,0.571428571,0.739130435,15.7826087,8.075494448,0.043478261,0.043478261,45,8
81,hyogenACE_2019,narrative_essay,pre,7,42,514,3,13,17,5.8,8.3,6.8,83.46,4.9,6.125,5.9,5.6,17.32283465,6,2,19,0,2,5,4,0,10,0,0.499512195,1.66206113,1.027069854,0.59375,0.666666667,12.23809524,5.308616194,0.023809524,0,71,16
81,hyogenACE_2019,narrative_essay,pre,10,42,446,1,23,23,5.72,8.1,5.98,83.96,4.7,4.5,6.66,5.8,13.30442235,6,8,18,0,1,7,5,0,4,0,0.657019438,1.524186687,1.187668181,0.461538462,0.837209302,10.37209302,4.220786082,0.023255814,0,52,10
81,hyogenB_2019,narrative_essay,pre,8,42,419,2,39,31,5.73,8.1,6.03,75.3,6,4.4,7.7,6.8,15.72253521,6,14,9,0,2,5,9,0,2,1,0.786046512,1.524186687,1.291185774,0.358974359,0.761904762,9.976190476,4.125923246,0.023809524,0,45,8
81,hyogenB_2019,narrative_essay,pre,7,35,460,0,53,26,6.01,10.5,7.58,65.22,7.8,7.125,8.23,7.8,14.00871978,8,10,8,0,1,6,2,0,8,0,0.711219512,1.805093282,1.169486102,0.37037037,0.742857143,13.14285714,4.975039739,0.028571429,0,57,15
81,hyogenB_2019,narrative_essay,post,6,55,424,2,2,10,5.64,7,4.76,88.43,3,5,5.7,4,16.48532633,6,14,27,2,2,1,5,0,4,0,0.452033368,1.766260518,1.10758915,0.529411765,0.836363636,7.709090909,3.920448617,0.018181818,0,51,6
81,hyogenD_2019,narrative_essay,pre,7,42,562,1,8,26,5.6,8.1,6.91,82.54,5.2,8.166666667,7.47,7.1,13.09175648,6,11,25,0,2,3,0,0,2,0,0.553689065,1.096553111,0.879107123,0.609756098,0.813953488,13.06976744,5.74818616,0.023255814,0,53,6
81,hyogenACE_2019,summary_essay,pre,14,26,451,5,24,20,6.18,11,10.1,66.88,9.2,11.6,9.52,11.9,9.805767319,10,6,14,0,1,6,0,0,3,0,0.677509294,1.297815522,0.970659816,0.518518519,0.566666667,15.03333333,6.564974401,0.033333333,0,43,9
82,hyogenD_2019,analysis_essay,pre,3,23,317,1,3,3,6.17,11.6,8.02,66.03,7.5,7.857142857,9.62,8.4,12.51644941,8,3,8,0,3,4,0,0,6,0,0.826530612,1.594434505,1.057181641,0.444444444,0.833333333,13.20833333,6.757583189,0.041666667,0,42,10
82,hyogenACE_2019,argumentative_essay,pre,5,25,351,0,16,15,5.71,9.3,7.36,73.27,6.7,5.2,7.71,8,14.6482808,8,3,6,2,4,3,1,0,5,1,0.802222222,3.020163028,1.331890159,0.315789474,0.8,14.04,7.340190733,0.04,0,48,13
82,hyogenACE_2019,argumentative_essay,pre,9,32,313,0,4,9,5.38,8.8,6.25,76.82,5.4,4.8,9.26,7.5,7.87704918,5,4,8,0,4,7,0,0,9,0,0.912068966,1.399292559,1.135687115,0.347826087,0.84375,9.78125,3.772717646,0.03125,0,38,10
82,hyogenACE_2019,argumentative_essay,pre,10,19,316,3,2,9,6.49,9.5,9.72,70.02,8,5.222222222,9.22,10.3,20.09830508,10,2,8,0,3,4,0,0,4,0,0.77688172,1.649097015,1.01397118,0.470588235,0.761904762,15.04761905,10.15347086,0.047619048,0.047619048,41,6
82,hyogenACE_2019,process_essay,pre,7,34,444,0,7,10,5.93,9.6,8.04,72.66,7,4.6,8.81,8.5,10.06841716,9,5,16,1,1,3,2,0,6,0,0.441441441,2.342550645,1.069481594,0.571428571,0.735294118,13.05882353,6.140229812,0.029411765,0,61,14
82,hyogenACE_2019,process_essay,pre,8,21,431,2,4,8,7.03,11.4,12.6,63.12,10.6,14.25,8.3,12.2,10.86378148,11,2,8,0,1,5,1,0,4,0,0.608421053,2.387223706,1.024695978,0.470588235,0.523809524,20.47619048,16.03157316,0.047619048,0.047619048,55,10
82,hyogenACE_2019,process_essay,pre,7,30,484,2,5,11,5.77,9.1,8.45,69.72,8.1,8.333333333,9.05,10,6.339084426,9,1,3,1,1,9,1,0,14,0,0.453900709,3.486887572,1.004892072,0.5625,0.833333333,16.13333333,6.566243641,0.033333333,0,68,10
82,hyogenACE_2019,process_essay,pre,9,30,540,0,7,14,6.33,12.1,11.19,48.03,12.3,5.444444444,11.96,14.3,6.86286966,12,6,5,0,5,7,0,0,7,0,0.97962963,1.399292559,1.170751283,0.304347826,0.433333333,18,7.192588778,0.033333333,0.033333333,56,11
82,hyogenACE_2019,descriptive_essay,pre,6,27,293,0,6,10,6.33,9.4,7.55,75.5,5.9,6.625,7.47,6.4,18.0075,7,1,18,0,1,3,0,0,3,1,0.394776119,1.399292559,0.583455256,0.782608696,0.888888889,10.85185185,6.569873462,0.037037037,0,27,3
82,hyogenACE_2019,descriptive_essay,pre,7,19,240,0,5,6,6.49,10.1,8.81,73.27,6.7,8.5,8.17,8,30.69101979,9,2,7,0,0,4,1,0,5,0,0.7,1.87081181,0.913918486,0.5,0.842105263,12.63157895,5.859859225,0.052631579,0,27,4
82,hyogenACE_2019,descriptive_essay,pre,8,22,329,0,1,5,6.35,9.3,8.62,78.79,6.7,6.857142857,6.15,7.4,13.63636364,7,3,6,0,1,7,1,0,4,0,0.675,2.293238462,1.083292954,0.388888889,0.681818182,14.95454545,3.9940555,0.045454545,0,47,6
82,hyogenACE_2019,descriptive_essay,post,7,26,326,3,10,11,6.01,8.8,7.92,81.12,5.8,8,5.22,5.7,14.62145499,6,1,14,0,0,6,0,0,5,0,0.630901288,0.957773224,0.648079357,0.666666667,0.769230769,12.53846154,6.529405493,0.038461538,0,34,6
82,hyogenACE_2019,descriptive_essay,post,9,30,317,0,6,10,5.62,8.2,6.17,85.08,4.3,3.833333333,4.97,4.1,15.0514658,4,1,18,0,0,7,0,0,3,0,0.602495544,0.876369037,0.628503661,0.692307692,0.793103448,10.89655172,5.148450236,0.034482759,0,24,6
82,hyogenACE_2019,narrative_essay,pre,15,46,577,18,11,22,5.87,9.3,7.6,71.85,7.3,6.375,7.48,8.2,16.5733761,8,2,22,3,1,11,2,0,5,7,0.449705725,1.936078477,1.094699238,0.536585366,0.830188679,10.88679245,7.472365131,0.018867925,0,63,7
82,hyogenACE_2019,narrative_essay,pre,9,28,458,2,9,15,6.26,9.6,9.36,77.87,7,7.285714286,7.78,9.3,20.31994523,7,2,12,2,1,1,0,0,10,0,0.420779221,2.293238462,0.83455202,0.666666667,0.678571429,16.35714286,7.087283812,0.035714286,0.035714286,66,12
82,hyogenACE_2019,narrative_essay,pre,8,47,433,9,19,28,5.44,8.7,6.44,75.61,5.8,5.3,5.73,5.4,8.545103448,6,2,24,0,2,10,1,0,8,0,0.444087591,1.524186687,0.906572408,0.615384615,0.957446809,9.212765957,3.463709549,0.021276596,0,62,15
82,hyogenACE_2019,narrative_essay,pre,9,20,397,1,6,8,6.7,11.7,12.65,63.22,10.6,10.5,8.48,12.2,9.682497128,11,2,7,1,1,5,0,0,5,0,0.64,2.496746099,1.041628739,0.4375,0.523809524,18.9047619,5.371040175,0.047619048,0,54,9
82,hyogenB_2019,narrative_essay,pre,6,31,430,3,4,8,5.87,9.9,8.17,72.46,7.1,8.666666667,7.36,7.4,14.57988429,7,2,20,3,1,3,1,0,1,0,0.353773585,2.255300753,0.934865126,0.666666667,0.64516129,13.87096774,6.307915844,0.032258065,0,41,6
82,hyogenB_2019,narrative_essay,pre,13,39,434,0,2,4,5.97,9.1,7.17,74.19,6.4,4.9,6.78,6.1,7.781167806,7,1,29,0,3,2,2,0,2,0,0.318742724,1.558333873,0.672851883,0.783783784,0.58974359,11.12820513,4.836715813,0.025641026,0,39,7
82,hyogenB_2019,narrative_essay,post,9,52,424,0,4,11,5.29,7,4.5,87.62,3.3,4.7,6.06,4.6,9.339319117,5,5,14,0,2,16,9,0,6,0,0.753024911,1.427133416,1.278413638,0.347826087,0.923076923,8.153846154,3.607602098,0.019230769,0,57,8
82,hyogenB_2019,narrative_essay,post,13,51,413,0,7,20,5.99,7.6,6.25,84.78,4.4,5,7.58,6.5,17.23150358,6,21,15,0,2,6,6,0,1,0,0.673854447,1.383144827,1.226934141,0.42,0.921568627,8.098039216,4.234567839,0.019607843,0,38,7
82,hyogenD_2019,narrative_essay,pre,9,38,504,0,5,13,6.56,10.3,8.88,72.56,7,11.66666667,8.47,8.1,6.426461538,7,0,18,0,1,8,6,0,5,0,0.640588235,1.19167379,0.95379296,0.545454545,0.763157895,13.26315789,5.081878075,0.026315789,0,64,10
82,hyogenD_2019,narrative_essay,post,3,34,420,0,7,4,5.19,7.6,5.49,84.37,4.5,7.142857143,4.51,3.8,11.44989858,5,3,17,2,0,5,1,0,6,0,0.47804878,1.772198709,0.968295403,0.607142857,0.735294118,12.35294118,6.178151032,0.029411765,0,39,10
82,hyogenACE_2019,summary_essay,pre,13,35,407,11,19,20,7.01,14.7,11.17,41.8,12.6,6.1,13.29,14.8,12.6510223,15,9,13,0,6,5,3,0,2,1,0.81,1.576792759,1.311311133,0.361111111,0.871794872,10.43589744,5.674029328,0.025641026,0,29,6
83,hyogenB_2019,analysis_essay,pre,7,25,330,3,5,11,6.05,9.4,7.84,71.95,7.2,5.111111111,7.65,8.1,19.38726994,8,1,13,1,1,5,1,0,3,0,0.407407407,2.717732067,0.960523898,0.590909091,0.88,13.2,6.235382907,0.04,0,37,7
83,hyogenD_2019,analysis_essay,pre,7,30,339,1,5,2,6.36,12.3,7.52,41.77,10.6,8,13.44,11.2,12.39721695,11,8,9,0,6,4,1,0,2,0,0.791919192,1.772198709,1.240214561,0.321428571,0.7,11.3,6.618912297,0.033333333,0,36,7
83,hyogenD_2019,analysis_essay,pre,8,21,309,0,5,6,6.48,12.4,9.35,53,10.4,7.571428571,9.86,10.4,8.397744746,10,2,15,0,0,2,0,0,2,0,0.516452074,1.002087126,0.529174655,0.789473684,0.428571429,14.71428571,5.337583341,0.047619048,0,51,8
83,hyogenACE_2019,argumentative_essay,pre,9,34,317,1,4,5,5.29,7.8,5.6,85.89,4,4.272727273,5.72,4.4,10.76433121,6,2,11,0,2,5,3,0,11,0,0.649079755,1.968088965,1.136470528,0.47826087,0.735294118,9.323529412,4.288977584,0.029411765,0,34,5
83,hyogenACE_2019,argumentative_essay,pre,8,22,351,0,3,2,5.87,10,9.15,77.47,7.2,7.285714286,9.05,10.2,13.80167264,10,0,6,0,1,6,1,1,7,0,0.6,2.626307412,0.982717931,0.4,0.590909091,15.95454545,5.795588234,0.045454545,0,45,7
83,hyogenACE_2019,process_essay,pre,8,35,428,0,7,11,6.3,10.5,8.48,73.58,6.6,6.625,8.4,7.9,11.30742459,7,5,11,1,2,9,0,0,7,0,0.675862069,1.772198709,1.146606032,0.392857143,0.714285714,12.22857143,4.276752535,0.028571429,0,36,6
83,hyogenACE_2019,process_essay,pre,9,25,432,1,7,12,6.37,13.1,11.02,48.43,12.1,12,10.57,13,6.162734714,12,3,10,0,0,7,0,0,6,0,0.843881857,0.978817229,0.845714153,0.5,0.538461538,16.61538462,5.561384188,0.038461538,0,68,13
83,hyogenACE_2019,process_essay,pre,10,39,418,1,33,20,5.69,7.6,6.45,83.66,4.8,6.714285714,5.84,5.4,10.768409,6,5,16,1,2,5,2,0,8,0,0.508465608,2.216316426,1.176099536,0.516129032,0.717948718,10.71794872,5.611109484,0.025641026,0,40,5
83,hyogenACE_2019,descriptive_essay,pre,5,20,320,1,6,10,6.35,10.5,9.21,69.52,8.2,10.8,7.49,8.8,26.05507745,9,5,9,0,0,5,1,0,0,0,0.757575758,1.503533843,0.997940275,0.45,0.6,16,7.321202087,0.05,0,53,6
83,hyogenACE_2019,descriptive_essay,pre,4,21,254,0,4,4,6.16,9.6,7.04,76.11,5.6,7.428571429,7.7,6.1,17.53112033,7,2,13,0,0,2,3,0,1,0,0.537634409,1.503533843,0.830269939,0.65,0.666666667,12.0952381,4.513522138,0.047619048,0,20,2
83,hyogenACE_2019,descriptive_essay,pre,4,39,317,0,8,11,5.82,7.5,4.93,79.77,4.2,4.7,5.53,3.8,16.38977194,5,4,22,0,0,3,5,0,5,0,0.541198502,1.177507011,0.892715916,0.647058824,0.871794872,8.128205128,3.864231022,0.025641026,0,26,5
83,hyogenACE_2019,narrative_essay,pre,8,44,447,2,5,14,5.88,7.8,6.22,84.78,4.4,5,7.29,6.1,20.41408935,6,6,24,0,2,6,3,0,3,0,0.508623298,1.4932568,1.063562764,0.585365854,0.795454545,10.15909091,3.855003725,0.022727273,0,47,9
83,hyogenACE_2019,narrative_essay,pre,11,31,483,1,17,15,5.97,10.3,9.08,69.82,8.1,10.33333333,8.47,9.4,17.2022104,9,3,18,0,2,3,0,0,5,1,0.488439306,1.320200546,0.791907324,0.692307692,0.625,15.09375,8.822412422,0.03125,0.03125,53,8
83,hyogenACE_2019,narrative_essay,post,10,42,448,1,23,22,5.72,8.1,6.07,83.96,4.7,4.5,6.89,6,13.06532498,6,7,19,0,1,7,5,0,4,0,0.627216495,1.524186687,1.165488759,0.487179487,0.837209302,10.41860465,4.23294146,0.023255814,0,52,10
83,hyogenB_2019,narrative_essay,pre,7,30,493,3,62,29,6.56,12.1,11.4,55.17,11.6,10.5,8.88,12.6,11.88350602,12,7,5,0,2,6,5,0,4,1,0.899280576,1.879417294,1.305242479,0.28,0.533333333,16.43333333,6.651733275,0.033333333,0,67,10
83,hyogenB_2019,narrative_essay,pre,4,27,447,0,3,19,5.8,9.3,7.64,80.21,6.1,8.5,7.48,7.7,10.70970906,8,5,5,0,2,11,1,0,3,0,0.654545455,1.921691617,1.125595454,0.458333333,0.481481481,16.55555556,7.757115411,0.037037037,0,76,12
83,hyogenB_2019,narrative_essay,post,4,45,443,0,21,20,5.59,8.6,5.46,86.91,3.6,4.083333333,6.93,5.1,7.709369025,6,9,18,0,1,3,8,0,6,0,0.635073069,1.524186687,1.154823723,0.461538462,0.711111111,9.844444444,4.361220805,0.022222222,0,49,9
83,hyogenB_2019,narrative_essay,post,13,39,441,0,2,4,5.92,9.2,7.22,73.98,6.5,4.9,6.6,6.1,7.185814914,7,0,30,0,3,2,2,0,2,0,0.373227917,1.139343291,0.580927629,0.810810811,0.58974359,11.30769231,4.857739509,0.025641026,0,39,7
83,hyogenD_2019,narrative_essay,pre,9,34,447,2,3,9,6.31,9.9,8.64,71.75,7.3,7.571428571,8.18,8.5,16.50831444,9,0,20,0,2,8,0,0,3,2,0.641025641,0.829886894,0.700828993,0.666666667,0.685714286,12.77142857,5.07703915,0.028571429,0,56,9
83,hyogenD_2019,narrative_essay,pre,8,41,410,0,8,10,5.8,8.5,6.64,76.52,5.5,4.5,5.95,5,11.60210158,6,0,28,0,1,6,0,0,6,0,0.497360942,0.785567969,0.504776607,0.8,0.829268293,10,4.411736011,0.024390244,0,54,9
83,hyogenD_2019,narrative_essay,pre,4,42,423,0,19,26,5.45,7.6,5.81,85.99,3.9,5.555555556,4.91,3.5,12.24952741,6,4,30,0,2,3,2,0,1,0,0.36034298,1.4932568,0.805362629,0.731707317,0.619047619,10.07142857,4.061391136,0.023809524,0,39,9
83,hyogenD_2019,narrative_essay,pre,7,51,423,1,8,13,5.8,7.2,5.31,87.52,3.3,3.384615385,5.07,3.7,13.00424628,6,4,34,0,2,6,3,0,2,0,0.393284193,1.393523392,0.892708259,0.693877551,0.823529412,8.294117647,4.025867913,0.019607843,0,56,9
83,hyogenD_2019,narrative_essay,post,9,38,512,0,5,11,6.57,10.3,8.95,72.26,7.1,11.66666667,8.23,8,5.869106938,7,0,18,0,1,8,6,0,5,0,0.640588235,1.19167379,0.95379296,0.545454545,0.763157895,13.47368421,5.035332227,0.026315789,0,64,10
83,hyogenD_2019,narrative_essay,post,13,47,430,0,26,20,5.73,8.7,6.06,77.13,5.3,6.375,6.53,5.4,15.29661017,6,11,21,0,2,3,2,0,8,0,0.525388601,1.524186687,1.04028871,0.538461538,0.723404255,9.14893617,5.914204766,0.021276596,0,39,7
83,hyogenD_2019,narrative_essay,post,7,48,422,2,9,13,5.81,7.4,5.68,86.6,3.7,4.7,5.43,4.2,13.82976866,6,3,32,0,2,6,3,0,2,0,0.391127542,1.427133416,0.881276049,0.695652174,0.833333333,8.791666667,4.08227027,0.020833333,0,57,9
83,hyogenACE_2019,summary_essay,pre,12,28,442,8,11,15,7.07,11.2,10.79,68.2,8.7,12.2,8.59,10.3,25.02580305,9,6,13,1,3,3,0,0,4,3,0.603571429,1.840705021,1.097952606,0.5,0.636363636,13.39393939,9.748160336,0.03030303,0.03030303,53,7
84,hyogenB_2019,analysis_essay,pre,5,26,312,0,3,7,5.9,9.6,6.99,75.2,6,5.3,7.7,6.9,15.51660517,6,1,8,1,1,7,3,0,5,0,0.588,2.806217743,1.16469596,0.380952381,0.615384615,12,6.089082285,0.038461538,0,54,15
84,hyogenB_2019,analysis_essay,pre,6,27,317,0,5,6,6.4,9.2,8.04,83.56,4.9,5.666666667,6.02,5.6,16.80620742,6,4,9,1,1,3,0,0,9,0,0.6,2.293238462,1.034655802,0.5,0.777777778,11.74074074,5.796503369,0.037037037,0,29,3
84,hyogenD_2019,analysis_essay,pre,6,28,398,0,4,6,6.74,11.4,9.16,63.9,8.3,6.75,10.09,9.5,5.450268474,10,2,14,0,1,3,1,0,7,0,0.418009479,2.076176937,0.843048146,0.666666667,0.678571429,14.21428571,8.419183634,0.035714286,0.035714286,39,4
84,hyogenACE_2019,argumentative_essay,pre,8,22,312,0,5,6,6.88,12.2,10.82,61.26,9.3,7.857142857,11.14,11.5,11.08923885,12,6,6,0,1,6,0,0,3,0,0.827981651,1.546303963,1.031691082,0.315789474,0.454545455,14.18181818,4.941810155,0.045454545,0,50,6
84,hyogenACE_2019,argumentative_essay,post,9,34,318,0,5,5,5.33,7.6,5.47,77.43,5.1,4.181818182,6.19,4.9,11.46403111,5,2,11,0,2,7,2,0,10,0,0.632967033,1.921691617,1.111575777,0.458333333,0.735294118,9.352941176,4.115125278,0.029411765,0,35,5
84,hyogenACE_2019,process_essay,pre,4,31,428,0,2,3,6,9.6,7.3,74.69,6.2,6.125,7.65,6.8,8.070301291,7,2,9,0,3,9,0,0,8,0,0.755714286,1.399292559,1.022526694,0.391304348,0.612903226,13.80645161,3.568855919,0.032258065,0,58,9
84,hyogenACE_2019,process_essay,post,8,39,471,0,4,5,5.66,9.1,7.3,83.36,4.9,6.25,5.73,5.3,9.347951529,6,4,14,2,1,6,4,0,8,0,0.595415118,2.216316426,1.26685472,0.451612903,0.743589744,12.07692308,3.976756928,0.025641026,0,42,6
84,hyogenACE_2019,process_essay,post,8,47,456,0,14,13,5.51,7.7,5.67,77.13,5.3,5.555555556,7.29,5.8,8.473669309,6,10,12,3,3,5,4,0,10,0,0.753025303,2.029363479,1.424051916,0.324324324,0.872340426,9.70212766,3.432726685,0.021276596,0,46,8
84,hyogenACE_2019,descriptive_essay,post,4,39,320,0,8,11,5.81,7.5,4.92,79.77,4.2,4.6,5.47,3.8,15.93817204,5,4,22,0,0,3,5,0,5,0,0.541198502,1.177507011,0.892715916,0.647058824,0.871794872,8.205128205,3.817500103,0.025641026,0,26,5
84,hyogenACE_2019,descriptive_essay,post,7,23,289,0,13,10,6.08,9.4,8.16,81.43,5.7,7.142857143,6.49,7,20.94972067,6,3,11,0,0,5,0,0,3,1,0.776344086,1.002087126,0.803069744,0.578947368,0.913043478,12.56521739,4.421548882,0.043478261,0,45,6
84,hyogenACE_2019,descriptive_essay,post,5,34,345,0,5,5,6.12,8.6,6.5,86.6,3.7,4.7,6.18,4.7,12.65528282,7,3,16,0,0,8,1,0,6,0,0.593939394,1.277030971,0.886482881,0.571428571,0.852941176,10.14705882,4.332723318,0.029411765,0,50,9
84,hyogenACE_2019,descriptive_essay,post,5,20,320,1,6,10,6.35,10.5,9.21,69.52,8.2,10.8,7.25,8.6,26.05507745,9,5,9,0,0,5,1,0,0,0,0.757575758,1.503533843,0.997940275,0.45,0.6,16,7.321202087,0.05,0,53,6
84,hyogenACE_2019,narrative_essay,pre,10,21,328,0,3,9,6.62,10.7,10.13,60.45,9.6,7,7.83,9.3,34.79502488,10,2,3,1,1,4,0,0,9,1,0.780645161,3.538126628,1.076304306,0.363636364,0.80952381,15.61904762,7.40962174,0.047619048,0,41,5
84,hyogenACE_2019,narrative_essay,pre,7,33,527,0,26,19,6.32,9.9,9.36,70.33,7.9,8,8.64,9.6,14.54134615,10,2,11,1,2,5,2,0,9,1,0.554507338,2.638758291,1.18423628,0.47826087,0.666666667,15.96969697,7.720436667,0.03030303,0.03030303,48,6
84,hyogenACE_2019,narrative_essay,post,6,42,427,3,2,8,5.61,8.4,6.57,76.01,5.7,8.166666667,6.37,5.4,13.16841696,6,2,19,0,1,9,3,0,8,0,0.507017544,1.616920936,0.998653213,0.558823529,0.785714286,10.16666667,4.669641909,0.023809524,0,64,11
84,hyogenB_2019,narrative_essay,pre,7,30,418,0,25,19,5.76,9,8.03,80.62,6,7.285714286,6.67,7,14.17551789,6,8,16,1,1,3,1,0,0,0,0.451807229,2.255300753,1.053000462,0.533333333,0.7,13.93333333,8.895442029,0.033333333,0.033333333,32,5
84,hyogenD_2019,narrative_essay,pre,4,40,456,0,5,12,6.21,8.1,6.52,76.32,5.6,5.75,6.54,5.2,11.66020672,6,7,19,0,2,4,4,0,4,0,0.581165919,1.576792759,1.133483171,0.527777778,0.65,11.4,6.303967005,0.025,0.025,49,7
84,hyogenD_2019,narrative_essay,post,4,42,424,0,3,4,5.64,7,5.44,86.4,3.8,5.333333333,4.85,3.6,14.91176471,6,0,27,0,3,4,1,0,7,0,0.405629139,1.164105779,0.645966391,0.771428571,0.80952381,10.0952381,5.231814416,0.023809524,0,55,10
84,hyogenACE_2019,summary_essay,pre,17,24,460,13,36,14,7.14,12.5,13.4,60.08,11.8,12.4,9.93,15.3,19.45582048,13,1,7,1,2,9,0,0,5,0,0.588235294,2.139803668,1.015774022,0.45,0.52,18.4,7.678541528,0.04,0.04,43,9
84,hyogenACE_2019,summary_essay,pre,13,21,401,11,10,22,6.92,13.8,12.61,56.49,11.1,15,10.86,13.7,9.803706505,14,5,14,1,1,1,1,0,2,4,0.391851852,2.638758291,0.940346202,0.608695652,0.655172414,13.82758621,8.944537788,0.034482759,0,41,10
85,hyogenD_2019,analysis_essay,pre,4,22,328,0,2,4,6.15,8.4,8.04,81.12,5.8,8.333333333,7.77,7.4,13.16666667,8,5,11,1,0,0,0,0,5,0,0.655328798,1.057068365,0.659721992,0.647058824,0.863636364,14.90909091,5.923060411,0.045454545,0,49,9
85,hyogenACE_2019,argumentative_essay,pre,8,32,340,0,3,2,7.08,10.1,18.03,45.66,17.3,3.583333333,8.43,20.6,8.01957905,18,6,10,1,3,7,1,0,4,0,0.666666667,2.342550645,1.281755661,0.357142857,0.78125,10.625,5.594361,0.03125,0,47,15
85,hyogenACE_2019,argumentative_essay,pre,4,27,320,0,3,3,5.36,10.3,6.07,68.06,6.7,4.9,8.16,6.9,9.081644144,7,1,4,1,2,6,1,0,12,0,0.63559322,3.706476412,1.163254611,0.4,0.62962963,11.85185185,5.803598524,0.037037037,0,51,11
85,hyogenACE_2019,argumentative_essay,post,8,33,455,11,16,16,5.9,10.3,8.58,70.94,7.6,5.2,8.12,9.1,10.58004552,9,4,7,2,6,3,4,0,6,1,0.866666667,2.445095985,1.435241341,0.269230769,0.666666667,13.78787879,7.306110252,0.03030303,0,57,15
85,hyogenACE_2019,argumentative_essay,post,9,33,321,0,4,7,5.55,8.7,6.17,76.93,5.3,4.090909091,9.84,8,7.988958233,6,4,9,0,4,7,0,0,9,0,0.888888889,1.370660778,1.129234704,0.375,0.818181818,9.727272727,3.784119347,0.03030303,0,40,10
85,hyogenACE_2019,argumentative_essay,post,8,35,365,1,24,7,6.07,9.9,7.57,66.94,7.1,6.25,7.58,6.7,9.994100295,8,3,18,0,2,6,0,0,6,0,0.563672922,1.257667534,0.889566755,0.620689655,0.657142857,10.42857143,3.587961732,0.028571429,0,59,11
85,hyogenACE_2019,process_essay,post,9,29,423,0,9,10,5.56,8.8,7.96,79.8,6.3,11.4,6.78,7.6,8.325692781,7,4,8,3,0,7,1,0,6,0,0.761151079,1.968088965,1.195960783,0.347826087,0.517241379,14.5862069,7.355585452,0.034482759,0.034482759,55,8
85,hyogenACE_2019,process_essay,post,4,25,443,0,2,4,6.24,10.4,8.89,70.73,7.7,14,8.12,8.8,8.111073599,9,2,6,0,1,7,0,0,9,0,0.711111111,1.711842928,0.929643772,0.4375,0.56,17.72,7.49143511,0.04,0.04,61,8
85,hyogenACE_2019,process_essay,post,9,30,550,0,4,16,6.53,12.4,11.58,47.52,12.5,5.444444444,12.07,14.7,7.587112172,13,6,5,0,5,7,0,0,7,0,0.97962963,1.399292559,1.170751283,0.304347826,0.466666667,18.33333333,7.299923896,0.033333333,0.033333333,54,11
85,hyogenACE_2019,descriptive_essay,post,4,25,251,1,7,7,6.38,9,6.71,77.94,4.9,7.142857143,6.41,5.1,33.98791541,7,2,14,0,0,6,1,0,2,0,0.558016878,1.399292559,0.832306782,0.608695652,0.84,10.04,4.87836038,0.04,0,24,5
85,hyogenACE_2019,narrative_essay,post,15,46,579,20,11,19,5.87,9.3,7.64,71.75,7.3,6.375,7.36,8.2,16.34006376,8,2,22,3,1,11,2,0,4,7,0.449705725,1.936078477,1.094699238,0.536585366,0.826923077,11.13461538,9.242520565,0.019230769,0.019230769,63,7
85,hyogenACE_2019,narrative_essay,post,10,110,870,4,67,42,5.3,7.5,4.37,79.77,4.2,4.9,8.31,6.6,7.371045062,5,21,53,3,7,13,5,0,11,0,0.495145631,1.393072562,1.270702209,0.519607843,0.778761062,7.672566372,3.685519326,0.008849558,0,102,17
85,hyogenB_2019,narrative_essay,post,7,35,465,0,32,22,5.98,10,7.83,73.37,6.7,7.125,7.01,6.9,14.0576324,7,4,14,0,1,6,2,0,8,0,0.576284585,1.805093282,1.070957971,0.518518519,0.685714286,13.28571429,4.855461894,0.028571429,0,56,13
85,hyogenB_2019,narrative_essay,post,4,47,433,0,26,20,5.38,7.4,4.76,87.62,3.3,4.666666667,4.26,2.9,11.14727447,5,9,26,0,1,4,1,0,6,0,0.433806452,1.4932568,0.897381188,0.634146341,0.765957447,9.212765957,4.336564825,0.021276596,0,30,6
85,hyogenB_2019,narrative_essay,post,4,53,429,1,22,20,5.59,7.4,5.45,88.02,3.1,6.625,3.15,1.9,12.67252747,6,5,44,0,1,3,0,0,0,0,0.356291223,1.003664969,0.536501997,0.830188679,0.849056604,8.094339623,3.421707347,0.018867925,0,48,9
85,hyogenD_2019,narrative_essay,pre,10,53,452,1,38,28,6.77,12.7,13.44,49.69,13.7,4.083333333,10.46,16.5,11.5960994,14,13,26,1,5,1,3,0,5,0,0.454218691,1.794868276,1.105563819,0.530612245,0.888888889,8.37037037,3.128698086,0.018518519,0,39,7
85,hyogenD_2019,narrative_essay,post,8,41,420,0,6,11,5.8,8.3,6.58,76.52,5.5,4.5,5.95,4.9,12.529201,6,0,28,0,1,6,0,0,6,0,0.497360942,0.785567969,0.504776607,0.8,0.829268293,10.24390244,3.906095848,0.024390244,0,56,7
85,hyogenD_2019,narrative_essay,post,10,53,452,1,38,28,6.77,12.7,13.44,49.69,13.7,4.083333333,10.46,16.5,11.5960994,14,13,26,1,5,1,3,0,5,0,0.454218691,1.794868276,1.105563819,0.530612245,0.888888889,8.37037037,3.128698086,0.018518519,0,39,7
85,hyogenACE_2019,summary_essay,pre,13,36,674,8,9,15,6.62,13.9,12.21,45.9,13.1,14.2,11.67,15.3,9.671892291,14,4,12,0,8,4,2,0,8,0,0.737704918,1.713325973,1.23390547,0.4,0.552631579,17.73684211,9.970177136,0.026315789,0.026315789,81,11
86,hyogenD_2019,analysis_essay,pre,6,24,314,1,3,6,7.85,13,10.41,48.7,10,5.8,12.4,10.9,13.27816092,11,2,16,0,0,1,0,0,6,0,0.461047254,1.002087126,0.419730363,0.842105263,0.84,12.56,6.362892424,0.04,0,43,8
86,hyogenD_2019,analysis_essay,pre,9,41,338,1,20,15,6.17,8.3,6.13,69.18,6.2,4.5,10.07,7.9,15.93169761,8,9,10,3,2,5,3,0,7,2,0.748538012,2.179973325,1.393361298,0.3125,0.756097561,8.243902439,3.09035074,0.024390244,0,35,6
86,hyogenD_2019,analysis_essay,pre,8,22,318,2,20,7,6.01,9.2,8.31,78.99,6.6,4.888888889,8,8.7,7.603455915,7,3,11,1,0,5,1,0,3,0,0.561783439,2.076176937,1.014218088,0.523809524,0.625,13.25,7.084313658,0.041666667,0,36,8
86,hyogenACE_2019,argumentative_essay,pre,8,21,338,0,3,2,5.9,9.5,9.98,75.44,8,10.6,6.04,8.8,7.463739517,10,1,6,1,2,6,0,0,5,0,0.656410256,2.496746099,1.051263156,0.375,0.523809524,16.0952381,5.088780955,0.047619048,0,39,6
86,hyogenACE_2019,argumentative_essay,pre,8,16,317,0,4,4,6.14,10.3,11.95,70.06,10,8.5,7.49,12.2,6.447532343,10,2,5,0,1,6,0,0,2,0,0.742424242,1.87081181,0.937952218,0.428571429,0.5,19.8125,6.821095495,0.0625,0,35,8
86,hyogenACE_2019,argumentative_essay,pre,8,20,413,1,4,5,6.42,10.9,12.46,60.48,11.7,6.571428571,10.45,15.3,9.261733615,12,4,2,1,3,6,1,0,3,0,0.718905473,3.305001612,1.250756574,0.352941176,0.65,20.65,12.70541223,0.05,0.05,56,9
86,hyogenACE_2019,argumentative_essay,post,8,20,413,1,4,5,6.42,10.9,12.46,60.48,11.7,6.571428571,10.45,15.3,9.261733615,12,4,2,1,3,6,1,0,3,0,0.718905473,3.305001612,1.250756574,0.352941176,0.65,20.65,12.70541223,0.05,0.05,56,9
86,hyogenACE_2019,process_essay,pre,7,25,401,0,8,11,5.89,10.4,8.68,70.23,7.9,13,8,9.1,15.42857143,8,3,3,1,2,8,0,0,8,0,0.664367816,2.387223706,1.095517908,0.470588235,0.68,16.04,7.896733502,0.04,0.04,51,9
86,hyogenACE_2019,process_essay,pre,9,22,426,0,1,8,6.48,11.4,11.95,63.12,10.6,15.5,9.52,13.1,14.90236928,11,1,5,1,0,10,0,0,5,0,0.568897638,1.649097015,0.800774655,0.588235294,0.636363636,19.36363636,10.15581094,0.045454545,0.045454545,79,11
86,hyogenACE_2019,process_essay,pre,8,24,397,1,8,6,6.6,10.7,10.92,66.07,9.5,8.166666667,9.52,12,7.419811321,10,3,13,0,0,4,0,0,3,1,0.687285223,0.978817229,0.740681965,0.65,0.833333333,16.54166667,5.737153524,0.041666667,0,52,9
86,hyogenACE_2019,process_essay,post,9,25,360,1,17,16,5.5,9.3,8.96,76.66,7.5,5.555555556,6.62,8.6,10.25300625,9,3,8,1,1,5,3,0,5,0,0.674311927,2.806217743,1.257358348,0.380952381,0.846153846,13.84615385,7.315380571,0.038461538,0.038461538,53,11
86,hyogenACE_2019,descriptive_essay,pre,4,12,140,1,3,3,6.87,8.8,7.92,75.61,5.8,8.666666667,6.83,6,43.65454545,7,1,7,2,1,1,0,0,0,0,0.514285714,3.218173316,0.89740883,0.583333333,1,11.66666667,7.01585506,0.083333333,0,25,6
86,hyogenACE_2019,descriptive_essay,post,6,27,316,0,6,9,6.38,9.7,8.03,74.49,6.3,6.5,7.59,6.9,18.74174174,7,1,16,0,1,4,0,0,4,1,0.441605839,1.430662181,0.664603064,0.727272727,0.888888889,11.7037037,8.082055179,0.037037037,0.037037037,29,3
86,hyogenACE_2019,descriptive_essay,post,7,26,347,0,4,6,5.47,8.2,7.56,80.92,5.9,8.333333333,6.55,6.7,13.44734043,6,3,13,0,2,4,0,0,4,0,0.611111111,1.430662181,0.920729864,0.590909091,0.884615385,13.34615385,6.574673479,0.038461538,0,58,8
86,hyogenACE_2019,descriptive_essay,post,4,15,268,1,10,12,6.71,10.9,9.97,70.33,7.9,12.2,7.65,8.6,17.79721497,8,1,7,0,0,3,0,0,4,0,0.683615819,1.358866034,0.653217001,0.636363636,0.6,17.86666667,7.948724566,0.066666667,0.066666667,40,5
86,hyogenACE_2019,narrative_essay,post,7,28,440,0,8,5,6.14,9.3,9.6,76.96,7.4,9,7.2,9,11.82296344,9,0,15,2,2,6,0,0,3,0,0.580855019,1.34439805,0.885551531,0.6,0.642857143,15.71428571,7.264675506,0.035714286,0,55,10
86,hyogenACE_2019,narrative_essay,post,7,31,475,2,14,12,5.88,10,8.59,71.34,7.5,10.33333333,7.94,8.5,17.60578132,8,2,19,0,2,3,0,0,5,1,0.447089947,1.320200546,0.72091399,0.730769231,0.65625,14.84375,8.606354393,0.03125,0.03125,51,8
86,hyogenB_2019,narrative_essay,pre,4,26,410,11,24,24,5.58,10,8.76,76.66,7.5,10.16666667,7.25,9.6,10.25781846,10,5,3,1,1,1,6,0,3,12,0.659817352,3.305001612,1.196857119,0.352941176,0.90625,12.8125,7.204328126,0.03125,0,47,5
86,hyogenB_2019,narrative_essay,post,8,42,422,2,40,31,5.77,8.1,6.07,75.2,6,4.4,7.64,6.8,15.17738359,6,14,10,0,1,5,9,0,2,1,0.75483871,1.524186687,1.249918135,0.358974359,0.738095238,10.04761905,4.134364585,0.023809524,0,45,8
86,hyogenD_2019,narrative_essay,pre,4,34,437,1,4,7,6.39,10,8.04,74.39,6.3,6.222222222,8.29,7.4,17.7876588,7,2,19,0,1,7,2,0,4,0,0.458711217,1.686845582,0.930351085,0.612903226,0.771428571,12.48571429,5.499981447,0.028571429,0,67,12
86,hyogenD_2019,narrative_essay,pre,8,43,588,0,9,16,5.53,9.5,7.21,80.82,5.9,5.777777778,8.47,8.3,8.860971524,6,16,13,2,1,6,4,0,1,0,0.609958506,1.915546474,1.288033458,0.380952381,0.744186047,13.6744186,7.754131473,0.023255814,0.023255814,61,12
86,hyogenD_2019,narrative_essay,post,7,41,558,1,8,24,5.8,8.4,7.11,73.78,6.5,7,7.65,7.5,12.96710906,7,11,24,0,2,3,0,0,2,0,0.563380282,1.106515871,0.888717396,0.6,0.761904762,13.28571429,7.481041799,0.023809524,0.023809524,59,6
86,hyogenD_2019,narrative_essay,post,10,33,451,2,2,6,6.26,9.9,8.87,71.55,7.4,9,7.94,8.3,14.95080251,9,0,21,0,2,5,1,0,3,2,0.446390658,1.257667534,0.70331935,0.724137931,0.676470588,13.26470588,5.381388535,0.029411765,0,57,11
86,hyogenD_2019,narrative_essay,post,8,43,588,0,9,16,5.53,9.5,7.21,80.82,5.9,5.777777778,8.47,8.3,8.860971524,6,16,13,2,1,6,4,0,1,0,0.609958506,1.915546474,1.288033458,0.380952381,0.744186047,13.6744186,7.754131473,0.023255814,0.023255814,61,12
86,hyogenACE_2019,summary_essay,pre,9,21,480,8,16,12,7.85,14.6,14.67,45.49,13.3,21.33333333,11.96,15.7,18.00038941,15,5,6,2,1,2,2,0,4,1,0.72972973,3.151568895,1.274958928,0.333333333,0.652173913,20.86956522,9.736995108,0.043478261,0.043478261,38,7
86,hyogenACE_2019,summary_essay,pre,13,49,550,9,40,20,6.48,8.9,6.65,76.22,5.6,8,7.7,6.3,11.98962014,7,2,42,0,1,2,2,0,3,0,0.270230726,1.393523392,0.504375939,0.857142857,0.826923077,10.57692308,4.32944371,0.019230769,0,33,4
87,hyogenB_2019,analysis_essay,pre,4,26,322,0,3,3,5.99,8.7,7.02,83.76,4.8,6.375,7.41,6.4,12.5952381,6,6,10,1,1,3,0,0,5,0,0.6,2.076176937,1.043081697,0.476190476,0.769230769,12.38461538,5.000591681,0.038461538,0,40,12
87,hyogenD_2019,analysis_essay,pre,6,18,324,0,11,8,6,11.1,9.49,69.41,8.2,8.142857143,7.83,9,10.55654102,9,3,8,1,0,3,0,0,3,0,0.677710843,1.784773664,0.914076636,0.533333333,0.666666667,18,11.44552314,0.055555556,0.055555556,36,5
87,hyogenD_2019,analysis_essay,pre,9,24,322,0,4,7,6.05,13,10.02,43.93,11.8,6.333333333,12.3,12.5,5.271024312,13,2,16,0,0,1,1,0,4,0,0.381679389,1.503533843,0.548530459,0.8,0.666666667,13.41666667,4.957457906,0.041666667,0,21,5
87,hyogenACE_2019,argumentative_essay,pre,8,29,312,3,8,15,5.66,9.9,6.8,74.08,6.4,4.363636364,9.79,9,5.109797297,7,4,8,1,2,9,0,0,5,0,0.693975904,1.921691617,1.146129084,0.375,0.965517241,10.75862069,4.082385817,0.034482759,0,33,7
87,hyogenACE_2019,process_essay,post,7,31,531,0,5,6,5.74,9.4,9.01,68.6,8.5,8.5,8.12,9.7,6.077300373,9,2,3,1,0,10,1,0,14,0,0.502608696,2.387223706,0.936220837,0.588235294,0.774193548,17.12903226,6.718976187,0.032258065,0,74,13
87,hyogenACE_2019,process_essay,post,8,21,431,1,3,7,7.07,11.4,12.82,63.02,10.7,14,8.48,12.4,11.29554367,11,2,8,0,1,5,1,0,4,0,0.608421053,2.387223706,1.024695978,0.470588235,0.571428571,20.47619048,15.99291226,0.047619048,0.047619048,55,10
87,hyogenACE_2019,descriptive_essay,post,8,18,251,0,2,1,6.1,11.4,9.39,70.23,7.9,5.9,7.65,8.8,14.93979592,8,1,12,0,0,2,2,0,1,0,0.472222222,1.649097015,0.713621447,0.705882353,0.722222222,13.94444444,7.670087804,0.055555556,0.055555556,31,6
87,hyogenACE_2019,descriptive_essay,post,7,23,316,1,6,5,6.32,9.7,8.87,71.75,7.3,6.625,8.18,8.4,21.84890333,7,3,11,0,0,5,1,0,3,0,0.641025641,1.503533843,0.91270287,0.55,0.826086957,13.73913043,6.462045653,0.043478261,0,39,5
87,hyogenACE_2019,narrative_essay,pre,8,26,561,4,26,15,6.46,10.5,11.89,61.5,11.3,8.5,8.48,13.2,6.397778549,9,3,7,0,3,4,1,0,10,0,0.771428571,2.293238462,1.172706171,0.388888889,0.714285714,20.03571429,10.76861227,0.035714286,0.035714286,67,10
87,hyogenACE_2019,narrative_essay,pre,8,30,504,1,13,16,6.98,11.4,11.1,58.92,10.2,8.666666667,8.99,11,15.19678253,11,1,6,0,2,9,0,0,12,0,0.663934426,1.594434505,0.906734408,0.5,0.6,16.8,8.059776672,0.033333333,0.033333333,68,15
87,hyogenACE_2019,narrative_essay,post,7,31,525,0,26,19,6.49,10.1,10,68.91,8.4,8,8.82,10.2,11.35810811,8,2,11,1,1,5,2,0,8,1,0.517094017,2.717732067,1.127049427,0.5,0.64516129,16.93548387,7.803785202,0.032258065,0.032258065,51,6
87,hyogenACE_2019,narrative_essay,post,8,26,563,4,26,15,6.46,10.5,11.93,69.86,10.1,8.5,8.59,13.3,6.277929155,9,3,7,0,3,4,1,0,10,0,0.771428571,2.293238462,1.172706171,0.388888889,0.714285714,20.10714286,10.71827307,0.035714286,0.035714286,67,10
87,hyogenB_2019,narrative_essay,pre,9,30,425,1,8,4,5.9,8.7,8.15,79.8,6.3,5.625,5.97,6.9,12.84208593,6,1,12,0,2,8,0,0,7,0,0.620892019,1.399292559,0.883552652,0.52173913,0.566666667,14.16666667,6.256108126,0.033333333,0,60,8
87,hyogenB_2019,narrative_essay,post,4,25,415,11,24,24,5.54,10,8.87,76.35,7.6,11.8,7.02,9.5,9.776808433,10,5,2,1,1,1,6,0,3,12,0.62745098,3.486887572,1.163248123,0.375,0.903225806,13.38709677,8.03491341,0.032258065,0,47,5
87,hyogenB_2019,narrative_essay,post,9,30,425,1,8,4,5.9,8.7,8.15,79.8,6.3,5.625,5.97,6.9,12.84208593,6,1,12,0,2,8,0,0,7,0,0.620892019,1.399292559,0.883552652,0.52173913,0.566666667,14.16666667,6.256108126,0.033333333,0,60,8
87,hyogenD_2019,narrative_essay,post,8,36,434,2,3,7,5.86,9,7.17,74.19,6.4,5.444444444,6.14,5.7,5.491219392,6,1,18,0,2,5,2,0,6,0,0.437988827,1.772198709,0.904303994,0.642857143,0.705882353,12.76470588,5.1223778,0.029411765,0,62,11
87,hyogenACE_2019,summary_essay,pre,12,20,397,5,27,9,7.42,12.2,12.57,65.46,9.7,8,11.2,13.5,33.41561338,8,5,9,0,4,1,0,0,3,0,0.733739837,1.546303963,0.977500586,0.473684211,0.636363636,18.04545455,12.50264435,0.045454545,0.045454545,40,8
88,hyogenD_2019,analysis_essay,pre,9,27,303,1,16,8,6.67,9.9,9,72.26,7.1,7.285714286,9.45,9.1,11.25768025,7,6,12,0,2,2,2,0,4,0,0.6,1.921691617,1.08911759,0.5,0.714285714,10.82142857,4.512313086,0.035714286,0,43,10
88,hyogenACE_2019,argumentative_essay,post,4,25,325,0,3,2,5.45,10.7,6.68,66.74,7.2,6.375,8.22,7.3,9.471257826,7,1,2,1,2,6,0,0,13,0,0.626086957,3.218173316,1.001805744,0.5,0.6,13,5.592852582,0.04,0,48,10
88,hyogenACE_2019,argumentative_essay,post,8,21,345,1,5,7,6.76,10.4,9.88,52.39,10.6,8.833333333,9.4,10.4,17.56519065,10,4,4,0,3,7,0,0,4,0,0.9,1.594434505,1.095689818,0.388888889,0.954545455,15.68181818,6.189333667,0.045454545,0,44,6
88,hyogenACE_2019,argumentative_essay,post,10,20,317,2,2,6,6.57,9.6,9.92,69.72,8.1,5.222222222,9.4,10.2,20.72213115,10,2,9,0,3,4,0,0,3,0,0.736363636,1.594434505,0.996147625,0.5,0.761904762,15.0952381,9.865306029,0.047619048,0.047619048,40,6
88,hyogenACE_2019,argumentative_essay,post,8,32,348,0,3,2,7.15,10.4,18.52,44.65,17.7,4.090909091,8.2,20.9,7.338034577,18,6,10,1,3,7,1,0,4,0,0.666666667,2.342550645,1.281755661,0.357142857,0.78125,10.875,5.914759082,0.03125,0,45,14
88,hyogenACE_2019,process_essay,pre,12,30,444,0,3,4,6.56,10.9,10.07,69.11,8.3,6.25,9.05,10.1,12.27152803,11,2,8,3,2,7,2,0,6,0,0.71641791,2.567764389,1.324323505,0.333333333,0.766666667,14.8,9.152048951,0.033333333,0.033333333,37,5
88,hyogenACE_2019,process_essay,pre,10,30,383,0,17,17,6.67,11,9.05,64.41,8.1,7.714285714,9.5,9.2,13.83097305,8,4,10,0,4,7,0,0,5,0,0.863259669,1.34439805,1.120716945,0.4,0.6,12.76666667,6.621597659,0.033333333,0,48,8
88,hyogenACE_2019,process_essay,post,8,28,450,0,8,10,6.51,12.9,10.51,50.67,11.3,8.833333333,10.44,12.1,6.904109589,11,2,3,0,0,9,1,0,13,0,0.592105263,1.784773664,0.840835817,0.6,0.5,16.07142857,6.329796721,0.035714286,0.035714286,71,17
88,hyogenACE_2019,process_essay,post,7,29,479,0,3,8,6.56,11.2,10.41,59.13,10.1,10.83333333,8.94,10.8,8.456818182,11,2,8,1,1,9,1,0,7,0,0.530701754,2.717732067,1.107800172,0.409090909,0.586206897,16.51724138,5.531232261,0.034482759,0,57,9
88,hyogenACE_2019,process_essay,post,8,31,435,2,2,4,6.99,9.9,9.08,72.97,6.9,8.333333333,8.75,8.7,16.66639968,9,8,5,3,1,2,2,0,11,1,0.686915888,2.806217743,1.276666211,0.380952381,0.666666667,13.18181818,6.515503866,0.03030303,0,44,5
88,hyogenACE_2019,process_essay,post,9,22,433,0,2,8,6.58,11.4,12.13,62.82,10.8,15.5,9.58,13.3,15.5456423,11,1,5,1,0,10,0,0,5,0,0.568897638,1.649097015,0.800774655,0.588235294,0.636363636,19.68181818,10.32818898,0.045454545,0.045454545,77,10
88,hyogenACE_2019,process_essay,post,8,28,452,0,8,9,6.19,11.1,9.3,69.62,8.1,13.4,8.99,10,14.65596677,9,3,1,1,1,12,0,0,10,0,0.415384615,2.293238462,0.81202618,0.666666667,0.678571429,16.14285714,8.244973732,0.035714286,0.035714286,63,7
88,hyogenACE_2019,process_essay,post,12,48,460,0,5,4,6.41,8.8,6.9,76.22,5.6,4.363636364,7.7,6.4,5.965718895,7,10,18,2,1,6,0,0,11,0,0.588817204,1.558333873,1.096171791,0.486486486,0.645833333,9.583333333,5.75482889,0.020833333,0,45,9
88,hyogenACE_2019,process_essay,post,8,35,446,1,7,8,6.56,10.8,9.03,72.36,7.1,6.625,9.05,8.8,11.84510166,7,4,11,1,2,9,0,0,8,0,0.653811659,1.805093282,1.125266751,0.407407407,0.742857143,12.74285714,4.324963135,0.028571429,0,40,7
88,hyogenACE_2019,process_essay,post,10,39,429,0,33,18,5.7,7.6,6.54,83.36,4.9,6.571428571,5.9,5.7,11.51558292,6,5,12,1,2,6,2,0,11,0,0.6105919,2.342550645,1.255338976,0.428571429,0.717948718,11,5.665912469,0.025641026,0,44,8
88,hyogenACE_2019,process_essay,post,7,39,482,2,8,15,6.09,10.5,9.23,69.62,8.1,5,6.44,7.9,5.543677459,8,4,2,0,3,10,2,0,18,0,0.663157895,2.076176937,1.13902946,0.476190476,1,12.35897436,4.660181462,0.025641026,0,58,17
88,hyogenACE_2019,descriptive_essay,pre,11,14,176,2,2,5,6.44,10.4,10.79,66.27,9.4,6.714285714,8.07,10.9,24.05896226,11,1,7,0,0,5,0,0,1,0,0.751111111,1.222547995,0.710731596,0.538461538,0.785714286,12.57142857,5.703561365,0.071428571,0,21,2
88,hyogenACE_2019,descriptive_essay,post,18,28,392,12,4,15,6.24,10.7,11.08,73.71,8.6,6.125,7.26,10.5,18.44019397,11,3,11,0,0,11,0,0,4,0,0.83001328,0.890146532,0.848289202,0.44,0.793103448,13.51724138,9.390459904,0.034482759,0.034482759,49,8
88,hyogenACE_2019,descriptive_essay,post,6,30,343,4,9,10,6.06,9.1,9.04,70.23,7.9,5.111111111,6.26,8.1,11.0397812,8,2,13,0,0,10,1,0,4,0,0.616788321,1.320200546,0.881229929,0.5,0.833333333,11.43333333,4.462311309,0.033333333,0,51,7
88,hyogenACE_2019,descriptive_essay,post,10,16,239,0,3,5,7.54,13.7,13.02,47.42,12.5,8.142857143,11.32,14.1,17.625459,14,2,9,0,0,4,0,0,1,0,0.742574257,1.127650376,0.748416193,0.6,0.6875,14.9375,5.067898356,0.0625,0,44,5
88,hyogenACE_2019,narrative_essay,pre,9,38,505,0,3,9,5.93,8.3,7.28,81.43,5.7,6.571428571,6.78,7,8.486691276,7,5,10,1,1,10,3,0,8,0,0.63559322,2.255300753,1.262338666,0.333333333,0.631578947,13.28947368,4.882341407,0.026315789,0,69,14
88,hyogenACE_2019,narrative_essay,pre,8,42,494,14,7,26,5.7,7.3,9.29,74.53,8.3,8,6.67,10.1,18.5857583,8,4,12,4,2,6,4,0,2,10,0.735632184,2.179973325,1.398880784,0.375,0.954545455,11.22727273,7.185413369,0.022727273,0.022727273,51,10
88,hyogenACE_2019,narrative_essay,post,8,47,478,9,8,20,5.59,9,6.96,75,6.1,5.4,5.61,5.7,8.562015504,6,3,8,0,2,13,2,0,19,0,0.6272,1.772198709,1.12696152,0.464285714,0.957446809,10.17021277,3.484428272,0.021276596,0,77,15
88,hyogenB_2019,narrative_essay,pre,6,49,420,0,14,15,5.91,7.3,5.17,79.16,4.5,3.909090909,6.64,4.7,11.81733857,5,20,13,0,1,7,5,0,3,0,0.657142857,1.427133416,1.190263948,0.434782609,0.693877551,8.571428571,4.090806018,0.020408163,0,38,4
88,hyogenB_2019,narrative_essay,post,4,32,432,1,3,5,5.69,6.9,6.16,75.4,5.9,4.2,7.53,6.5,11.07995658,7,10,5,0,2,5,4,0,7,0,0.795294118,1.840705021,1.258119411,0.384615385,0.666666667,13.09090909,5.680181582,0.03030303,0,42,8
88,hyogenB_2019,narrative_essay,post,6,32,433,3,4,8,5.91,9.9,8.09,72.87,6.9,8.666666667,7.3,7.3,16.26465116,7,2,18,3,2,3,3,0,1,0,0.446146704,2.216316426,1.126942115,0.580645161,0.6875,13.53125,6.344211806,0.03125,0,42,6
88,hyogenB_2019,narrative_essay,post,7,30,414,0,22,17,5.81,9.1,8.08,72.36,7.1,6.5,6.9,7.1,15.20221607,7,7,17,1,1,3,1,0,0,0,0.428571429,2.255300753,1.027874736,0.566666667,0.7,13.76666667,8.769961358,0.033333333,0.033333333,32,5
88,hyogenB_2019,narrative_essay,post,6,31,416,1,3,7,5.71,8.8,7.26,82.34,5.3,7.571428571,6.72,6.4,11.13307853,6,1,15,1,1,6,4,0,3,0,0.466666667,2.342550645,1.079755954,0.535714286,0.741935484,13.41935484,6.313192503,0.032258065,0,51,9
88,hyogenD_2019,narrative_essay,pre,7,38,427,0,3,5,5.54,8.4,6.1,84.47,4.5,5.111111111,6.31,5.1,6.685104318,6,3,21,0,2,2,7,0,3,0,0.483234714,1.596288718,1.001509186,0.6,0.736842105,11.23684211,4.080984211,0.026315789,0,50,8
88,hyogenD_2019,narrative_essay,pre,5,25,408,8,2,2,5.82,7.5,6.26,83.96,4.7,4,4.86,4.2,5.925468787,5,0,25,0,1,3,1,0,3,0,0.353773585,1.239572434,0.495429055,0.833333333,0.757575758,12.36363636,5.677270908,0.03030303,0,48,8
88,hyogenD_2019,narrative_essay,post,6,34,414,1,3,11,5.49,6.8,6.46,90.9,4.1,5.625,5.56,5.3,10.81686047,6,12,8,0,1,1,6,0,6,0,0.637398374,1.772198709,1.097095519,0.428571429,0.647058824,12.17647059,5.485116698,0.029411765,0,45,8
88,hyogenD_2019,narrative_essay,post,4,40,459,0,6,9,6.19,8.1,6.43,76.52,5.5,5,6.36,5.2,10.35391304,6,5,20,1,2,4,4,0,4,0,0.467532468,2.055991169,1.154092542,0.555555556,0.65,11.475,6.496104602,0.025,0.025,49,7
88,hyogenD_2019,narrative_essay,post,5,25,410,8,4,4,5.78,7.5,6.29,83.86,4.7,4,4.74,4.2,5.853223916,5,0,25,0,1,3,1,0,3,0,0.353773585,1.239572434,0.495429055,0.833333333,0.757575758,12.42424242,5.667719883,0.03030303,0,48,8
88,hyogenACE_2019,summary_essay,pre,25,38,468,7,23,13,6.74,11.4,10.3,67.38,9,12.8,9.92,11.9,12.28652355,9,12,11,0,1,7,3,0,6,0,0.713580247,1.616920936,1.199246599,0.352941176,0.8,11.7,5.745432969,0.025,0,47,6
89,hyogenB_2019,analysis_essay,pre,4,23,341,1,11,3,6.3,9.3,7.74,82.65,5.2,7.857142857,6.31,5.9,14.02792957,6,2,13,0,1,1,1,0,6,0,0.368181818,2.293238462,0.73056301,0.722222222,0.5,14.20833333,8.16996107,0.041666667,0.041666667,29,6
89,hyogenD_2019,analysis_essay,pre,6,23,305,1,3,8,7.92,11.9,9.53,46.88,10.7,6,12.87,12,20.51273624,12,4,8,0,1,6,0,0,5,0,0.771367521,1.546303963,0.998840855,0.421052632,0.958333333,12.70833333,4.81732262,0.041666667,0,47,6
89,hyogenACE_2019,argumentative_essay,post,8,21,342,0,2,1,5.9,9.7,10.2,75.13,8.1,10.6,6.09,8.9,8.10005184,9,1,6,1,2,6,0,0,5,0,0.656410256,2.496746099,1.051263156,0.375,0.476190476,16.28571429,5.09100848,0.047619048,0,40,6
89,hyogenACE_2019,argumentative_essay,post,8,21,319,0,2,2,5.92,8.7,9.31,76.76,7.5,5.111111111,7.83,9.6,11.48819876,8,3,5,0,2,6,1,0,4,0,0.770666667,2.387223706,1.156083756,0.352941176,0.619047619,15.19047619,7.955944454,0.047619048,0.047619048,29,3
89,hyogenACE_2019,argumentative_essay,post,8,22,320,0,2,5,7.28,12.7,11.4,52.39,10.6,8.285714286,11.49,12,15.75630252,11,6,5,0,1,7,0,0,3,0,0.813063063,1.546303963,1.023577888,0.368421053,0.5,14.54545455,4.951834121,0.045454545,0,49,6
89,hyogenACE_2019,argumentative_essay,post,7,23,340,0,1,2,6.8,11.9,9.95,61.87,9.1,7,9.39,9.9,13.85452245,10,4,7,0,3,8,0,0,1,0,0.876811594,1.430662181,1.107800172,0.363636364,0.565217391,14.7826087,6.213285358,0.043478261,0,45,11
89,hyogenACE_2019,argumentative_essay,post,8,16,318,0,2,2,6.14,10.1,11.98,69.96,10.1,8.5,7.61,12.4,7.01754386,8,1,5,0,2,5,0,0,3,0,0.768181818,1.974151754,0.94492563,0.384615385,0.5,19.875,6.863626957,0.0625,0,35,6
89,hyogenACE_2019,descriptive_essay,post,7,23,265,2,3,2,5.94,8.8,7.28,75.5,5.9,4.8,6.48,5.8,12.75910781,6,1,15,0,0,3,0,0,4,0,0.512056738,1.002087126,0.507834386,0.789473684,0.695652174,11.52173913,5.492046148,0.043478261,0,31,5
89,hyogenACE_2019,narrative_essay,pre,4,25,449,0,10,7,6.39,12.2,9.21,70.23,7.9,8.285714286,9.86,10.3,6.756307958,10,6,4,0,1,8,1,0,5,0,0.677966102,2.139803668,1.098685426,0.4,0.56,17.96,6.199870966,0.04,0,77,6
89,hyogenACE_2019,narrative_essay,post,7,38,518,5,10,14,6.2,9.5,8.2,72.76,6.9,6.25,7.25,7.3,18.64965617,7,1,13,0,2,10,2,0,10,0,0.564028777,1.772198709,1.030245441,0.464285714,0.684210526,13.63157895,5.288622608,0.026315789,0,74,16
89,hyogenB_2019,narrative_essay,pre,4,30,431,3,4,10,5.71,6.9,6.32,75,6.1,4.2,7.41,6.6,11.48961424,7,10,5,0,2,5,4,0,7,0,0.795294118,1.840705021,1.258119411,0.384615385,0.666666667,13.06060606,5.645805061,0.03030303,0,42,8
89,hyogenB_2019,narrative_essay,pre,8,34,442,2,4,7,6.14,8.9,7.79,72.56,7,6.125,7.07,7.3,12.25130208,7,0,16,1,0,13,0,0,4,0,0.704225352,0.829886894,0.714473746,0.533333333,0.764705882,13,7.565401121,0.029411765,0.029411765,44,10
89,hyogenB_2019,narrative_essay,post,8,34,450,2,4,7,6.23,9.1,8.06,72.26,7.1,7.285714286,6.9,7.2,11.32598572,7,0,16,1,0,13,0,0,4,0,0.704225352,0.829886894,0.714473746,0.533333333,0.764705882,13.23529412,7.673709217,0.029411765,0.029411765,47,12
89,hyogenD_2019,narrative_essay,pre,9,37,444,0,38,26,6.62,10.4,7.71,74.19,6.4,7.285714286,9.27,8.6,15.78888889,7,9,7,0,2,6,2,0,11,0,0.777011494,1.840705021,1.229583359,0.346153846,0.621621622,12,6.762376042,0.027027027,0.027027027,64,12
89,hyogenD_2019,narrative_essay,post,7,38,427,0,3,5,5.54,8.4,6.1,84.47,4.5,5.111111111,6.37,5.1,6.262727273,6,1,23,0,2,2,7,0,3,0,0.417376491,1.596288718,0.874801266,0.657142857,0.736842105,11.23684211,4.061592963,0.026315789,0,50,8
89,hyogenACE_2019,summary_essay,pre,15,37,471,12,30,9,7.07,9.4,8.79,72.26,7.1,4.181818182,10.5,10.2,16.53295535,7,15,13,2,2,9,0,0,6,0,0.696066253,1.4932568,1.204747676,0.365853659,0.787234043,10.0212766,7.32669082,0.021276596,0,33,6
90,hyogenD_2019,analysis_essay,pre,5,25,357,0,5,8,7.06,13.2,9.59,63.59,8.4,11.71428571,11.37,10.8,9.328782288,8,4,14,0,2,1,0,0,4,0,0.508064516,1.465222077,0.777034129,0.666666667,0.56,14.28,5.01613397,0.04,0,52,7
90,hyogenACE_2019,argumentative_essay,pre,8,21,315,0,2,3,6.02,8.5,9.25,76.96,7.4,5.111111111,7.78,9.5,12.2734108,7,3,5,0,2,6,1,0,4,0,0.770666667,2.387223706,1.156083756,0.352941176,0.619047619,15,7.994045403,0.047619048,0.047619048,33,3
90,hyogenACE_2019,argumentative_essay,post,9,22,323,1,3,5,6.69,10.6,9.59,61.97,9,7.857142857,10.21,10.8,22.34883721,11,1,6,0,3,4,0,0,8,0,0.790322581,1.87081181,0.974439762,0.428571429,0.636363636,14.68181818,5.430439155,0.045454545,0,45,8
90,hyogenACE_2019,process_essay,post,8,34,507,0,3,4,6.26,10.5,8.96,71.55,7.4,6.25,8.23,8.5,9.717531629,9,1,14,1,1,7,1,0,9,0,0.418340027,2.50353564,0.971488907,0.56,0.794117647,14.91176471,8.692010013,0.029411765,0.029411765,44,9
90,hyogenACE_2019,process_essay,post,7,31,457,0,4,9,6.11,10.1,8.88,70.84,7.7,8.166666667,8.35,9,10.04500172,9,5,16,1,0,3,0,0,6,0,0.536941581,1.34439805,0.830099756,0.64,0.709677419,14.74193548,6.777418587,0.032258065,0,57,13
90,hyogenACE_2019,narrative_essay,post,9,28,458,4,7,15,6.4,9.7,9.44,69.41,8.2,7.285714286,8.12,9.6,22.10418605,10,2,12,2,1,1,0,0,10,0,0.420779221,2.293238462,0.83455202,0.666666667,0.678571429,16.35714286,7.072150035,0.035714286,0.035714286,68,12
90,hyogenACE_2019,narrative_essay,post,4,18,427,1,23,15,6.25,9,10.99,71.89,9.3,13.75,6.56,10.6,10.76415681,7,4,8,0,1,2,0,0,3,0,0.661764706,1.784773664,0.894897831,0.533333333,0.611111111,23.72222222,10.96360421,0.055555556,0.055555556,59,7
90,hyogenB_2019,narrative_essay,pre,4,29,413,3,23,20,6.3,9.6,7.7,73.58,6.6,7,8.4,7.9,11.54222908,7,9,11,0,1,4,2,0,5,0,0.653811659,1.805093282,1.125266751,0.407407407,0.75,12.90625,4.772049972,0.03125,0,58,13
90,hyogenB_2019,narrative_essay,post,9,32,494,3,62,29,6.59,12.2,11.39,54.97,11.7,8.142857143,9.06,12.8,11.74536396,12,8,5,0,2,6,5,0,5,1,0.877922078,1.840705021,1.30037373,0.307692308,0.5625,15.4375,7.210831696,0.03125,0,66,10
90,hyogenB_2019,narrative_essay,post,4,29,416,3,7,9,6.22,9.3,7.17,74.9,6.1,7,8.4,7.5,11.44650284,7,8,11,0,2,4,2,0,5,0,0.697607656,1.805093282,1.180973322,0.407407407,0.75,13,4.892596448,0.03125,0,58,13
90,hyogenD_2019,narrative_essay,pre,6,48,446,12,2,16,5.76,7.1,6.64,81.63,5.6,7,7.36,7.7,15.6898572,7,13,14,2,2,1,2,0,2,12,0.509700176,2.11413673,1.139941205,0.411764706,0.833333333,9.291666667,6.633118715,0.020833333,0.020833333,34,5
90,hyogenD_2019,narrative_essay,post,4,34,447,2,5,10,6.62,10.5,8.59,66.03,7.5,6.222222222,8.52,7.6,18.90244989,8,2,19,0,1,7,2,0,5,1,0.458711217,1.686845582,0.930351085,0.612903226,0.783783784,12.08108108,5.547721122,0.027027027,0,66,11
90,hyogenD_2019,narrative_essay,post,6,49,454,12,2,16,5.76,7,6.55,81.83,5.5,7,7.36,7.6,15.20396798,7,14,14,2,1,1,3,0,2,12,0.501638002,2.084196238,1.121966474,0.4,0.836734694,9.265306122,6.793681068,0.020408163,0.020408163,35,5
90,hyogenACE_2019,summary_essay,pre,13,33,474,5,40,12,7.81,13.7,18.27,38.83,17.9,5.777777778,11.97,23,14.64189449,18,5,17,2,2,2,0,0,7,1,0.480981595,1.772198709,0.9827763,0.607142857,0.555555556,13.16666667,7.061240055,0.027777778,0,60,16
90,hyogenACE_2019,summary_essay,pre,9,32,449,3,7,8,6.39,11,8.14,57.47,8.7,10.5,12.35,10.8,10.9428477,11,5,4,0,2,12,0,0,11,0,0.69973545,1.399292559,0.998294275,0.52173913,0.794117647,13.20588235,4.600379855,0.029411765,0,64,10
90,hyogenACE_2019,summary_essay,pre,15,27,519,5,7,10,7.36,12.7,12.07,56.49,11.1,14,10.91,13.5,13.82208751,14,6,9,1,2,9,0,0,4,0,0.718226601,1.805093282,1.173388343,0.333333333,0.580645161,16.74193548,9.182619424,0.032258065,0.032258065,66,11
91,hyogenACE_2019,argumentative_essay,post,8,22,366,0,2,2,6.12,10.3,9.52,68.2,8.7,7.285714286,9.4,11,15.01730877,9,0,3,0,1,7,1,1,9,0,0.554098361,2.974627058,0.94117254,0.538461538,0.545454545,16.63636364,5.920269147,0.045454545,0,43,6
91,hyogenACE_2019,process_essay,pre,16,17,424,15,1,5,7.6,16.1,17.34,36.25,16.8,7.428571429,10.86,18.9,10.13592233,17,7,8,0,1,6,0,0,3,0,0.806666667,1.430662181,1.034643903,0.363636364,0.48,16.96,6.289546884,0.04,0,62,4
91,hyogenACE_2019,descriptive_essay,post,4,15,272,0,6,6,6.7,11.3,9.55,70.23,7.9,8.833333333,8.81,9.5,17.89227836,9,4,6,0,0,1,1,0,3,0,0.666666667,2.101045922,0.852492454,0.5,0.533333333,18.13333333,6.974875546,0.066666667,0,30,3
91,hyogenACE_2019,descriptive_essay,post,8,23,369,0,1,5,6.45,10.8,9.76,68.91,8.4,7.142857143,7.66,9,16.85191441,8,3,7,0,0,8,0,0,5,0,0.885245902,1.027995582,0.859662304,0.444444444,0.52173913,16.04347826,5.32817173,0.043478261,0,51,10
91,hyogenACE_2019,narrative_essay,pre,4,23,367,2,4,7,6.81,9.7,8.85,72.87,6.9,5.555555556,7.88,7.9,22.54714384,7,2,9,2,2,5,0,0,4,0,0.677966102,2.139803668,1.133342785,0.45,0.708333333,15.29166667,6.686299217,0.041666667,0,37,8
91,hyogenACE_2019,narrative_essay,post,11,32,477,3,5,8,6.14,9.9,9.34,69.21,8.3,7,6.96,8.6,24.71378709,9,2,10,2,1,6,0,0,9,2,0.608275862,2.076176937,1.06238956,0.476190476,0.84375,14.90625,8.036476898,0.03125,0,65,11
91,hyogenACE_2019,narrative_essay,post,8,39,467,4,5,7,6.14,8.7,7.55,82.34,5.3,4.888888889,7.88,7.7,19.60765924,8,7,18,0,1,7,1,0,5,0,0.545283019,1.616920936,1.033384106,0.529411765,0.743589744,11.97435897,4.671172803,0.025641026,0,52,12
91,hyogenACE_2019,narrative_essay,post,8,42,501,14,4,23,5.74,7.6,8.97,75.95,7.8,8,6.91,9.6,17.18798631,8,6,12,2,2,7,3,0,2,10,0.693766938,2.179973325,1.352758705,0.375,0.954545455,11.38636364,7.726035997,0.022727273,0.022727273,54,10
91,hyogenB_2019,narrative_essay,pre,7,20,431,4,36,18,7.26,12,13.21,53.14,12.4,8.666666667,9.7,14.2,11.78766493,12,8,6,1,1,2,2,0,3,0,0.606060606,2.906176626,1.188273399,0.4,0.608695652,18.73913043,8.950187714,0.043478261,0.043478261,46,4
91,hyogenB_2019,narrative_essay,post,6,49,428,0,14,17,5.84,7.3,5.19,79.06,4.5,3.909090909,6.35,4.6,10.14272446,5,19,14,0,1,7,5,0,3,0,0.669620253,1.427133416,1.198017751,0.413043478,0.693877551,8.734693878,4.217434708,0.020408163,0,38,4
91,hyogenB_2019,narrative_essay,post,7,20,431,4,36,18,7.26,12,13.21,53.14,12.4,8.666666667,9.7,14.2,11.78766493,12,8,6,1,1,2,2,0,3,0,0.606060606,2.906176626,1.188273399,0.4,0.608695652,18.73913043,8.950187714,0.043478261,0.043478261,46,4
92,hyogenACE_2019,argumentative_essay,post,8,28,334,3,7,11,5.95,10.4,7.24,64.61,8,5.888888889,9.79,9.6,6.146341463,10,3,3,1,2,12,1,0,6,0,0.48015873,2.717732067,1.100331852,0.545454545,0.964285714,11.92857143,3.909042369,0.035714286,0,40,8
92,hyogenACE_2019,argumentative_essay,post,11,18,343,5,12,6,7.8,13,12.4,58.32,10.4,7.714285714,11.37,13.2,25.68055556,13,6,4,1,2,5,2,0,2,0,0.775193798,2.906176626,1.320226266,0.3,0.681818182,15.59090909,6.603436371,0.045454545,0,52,13
92,hyogenACE_2019,process_essay,post,8,24,408,1,6,6,7.09,11.5,11.69,57,10.9,11,10.28,12.6,8.90299572,11,3,10,0,0,7,0,0,3,1,0.843881857,0.978817229,0.845714153,0.5,0.666666667,17,5.965176723,0.041666667,0,58,8
92,hyogenACE_2019,process_essay,post,15,17,423,15,1,5,7.79,16.1,17.41,36.36,16.8,7.428571429,11.04,19,10.37783802,17,8,7,0,1,5,0,0,4,0,0.793165468,1.465222077,1.022042042,0.380952381,0.52,16.92,6.273244774,0.04,0,61,4
92,hyogenACE_2019,process_essay,post,10,30,392,0,17,17,6.75,11.1,9.21,64.1,8.2,7.714285714,9.63,9.3,12.88728918,8,4,11,0,3,7,0,0,5,0,0.801282051,1.34439805,1.080252909,0.44,0.6,13.06666667,6.942301892,0.033333333,0,48,9
92,hyogenACE_2019,descriptive_essay,post,6,22,338,2,9,5,7.16,10.6,10.55,69.52,8.2,12,8.07,9.3,35.04854369,8,3,5,2,0,4,0,0,8,0,0.907407407,1.87081181,1.052912069,0.357142857,0.863636364,15.36363636,5.981376054,0.045454545,0,43,11
92,hyogenACE_2019,descriptive_essay,post,7,19,271,0,5,4,6.64,10.6,9.84,71.34,7.5,11.2,8.58,9,27.21976744,9,1,7,0,0,5,0,0,6,0,0.751111111,1.222547995,0.710731596,0.538461538,0.736842105,14.26315789,6.389482355,0.052631579,0,25,3
92,hyogenACE_2019,narrative_essay,pre,11,20,388,4,3,6,6.81,10.7,10.71,65.46,9.7,11.2,8.3,11.2,21.47578947,11,6,7,0,1,7,1,0,2,0,0.711764706,2.019298478,1.129163974,0.318181818,0.791666667,16.16666667,7.509253551,0.041666667,0.041666667,48,7
92,hyogenACE_2019,narrative_essay,pre,9,8,481,21,22,12,7.14,10.2,12.24,63.12,10.6,11.6,8.94,13,18.92275495,11,6,1,1,1,7,2,0,7,0,0.586956522,3.151568895,1.14432697,0.388888889,0.56,19.24,7.981378327,0.04,0.04,50,6
92,hyogenACE_2019,narrative_essay,post,9,21,402,0,5,7,6.93,12,13.03,62.92,10.7,10.66666667,8.94,12.8,10.68485086,11,1,5,1,1,7,0,0,6,0,0.584415584,2.626307412,0.972441219,0.466666667,0.523809524,19.14285714,5.650838238,0.047619048,0,58,9
92,hyogenACE_2019,narrative_essay,post,11,20,388,4,3,6,6.81,10.7,10.71,65.46,9.7,11.2,8.3,11.2,21.47578947,11,6,7,0,1,7,1,0,2,0,0.711764706,2.019298478,1.129163974,0.318181818,0.791666667,16.16666667,7.509253551,0.041666667,0.041666667,48,7
92,hyogenACE_2019,narrative_essay,post,9,8,481,21,22,12,7.14,10.2,12.24,63.12,10.6,11.6,8.94,13,18.92275495,11,6,1,1,1,7,2,0,7,0,0.586956522,3.151568895,1.14432697,0.388888889,0.56,19.24,7.981378327,0.04,0.04,50,6
92,hyogenB_2019,narrative_essay,post,12,31,539,1,9,16,7.4,11.7,11.18,59.94,9.8,8,10.33,11.7,19.35946364,12,11,10,1,1,1,0,0,4,3,0.514285714,1.921691617,0.924083707,0.458333333,0.612903226,17.38709677,8.487856294,0.032258065,0.032258065,39,6
92,hyogenB_2019,narrative_essay,post,4,30,455,0,3,12,5.75,9.4,7.33,81.63,5.6,6.375,7.01,7,10.6886321,6,5,7,0,2,12,1,0,3,0,0.653811659,1.805093282,1.132019402,0.444444444,0.5,15.16666667,7.330681339,0.033333333,0,75,12
92,hyogenD_2019,narrative_essay,pre,14,32,547,1,13,10,6.67,10,11.36,63.53,10.5,5.875,9.75,13.3,13.32881002,10,9,7,0,1,8,2,0,5,0,0.732663317,1.805093282,1.182696285,0.333333333,0.65625,17.09375,6.634942422,0.03125,0,67,12
92,hyogenD_2019,narrative_essay,post,14,32,547,1,13,10,6.67,9.9,11.29,63.53,10.5,5.875,9.75,13.3,13.5050238,10,9,7,0,1,8,2,0,5,0,0.732663317,1.805093282,1.182696285,0.333333333,0.625,17.09375,6.634942422,0.03125,0,67,12
92,hyogenACE_2019,summary_essay,pre,15,25,531,7,20,16,6.9,12.1,13.56,51.31,13.1,30.5,10.8,16.1,28.29803743,14,8,5,0,1,5,1,0,6,1,0.689655172,2.139803668,1.107801504,0.4,0.740740741,19.66666667,12,0.037037037,0.037037037,60,13
93,hyogenACE_2019,argumentative_essay,post,7,18,268,0,1,5,7.94,12.5,11.94,53.31,10.3,10.16666667,12.35,12.7,26.45084746,13,2,3,0,2,6,0,0,5,0,0.797169811,1.974151754,0.984219909,0.461538462,0.5,14.88888889,5.952486772,0.055555556,0,44,5
93,hyogenACE_2019,argumentative_essay,post,9,22,318,2,2,4,8.72,16.1,20.77,33.96,19.8,12.4,12.14,25.1,17.81192053,12,3,10,1,6,0,1,0,2,1,0.6,2.076176937,1.043081697,0.476190476,0.666666667,13.25,7.101936356,0.041666667,0,35,5
93,hyogenACE_2019,narrative_essay,post,7,28,427,1,3,9,6.97,10.8,10.01,62.68,8.7,6.25,9.16,9.6,17.48766603,9,1,8,0,3,10,1,0,5,0,0.604571429,1.968088965,1.048082636,0.434782609,0.678571429,15.25,6.316786027,0.035714286,0,45,9
93,hyogenACE_2019,narrative_essay,post,9,36,520,1,2,3,6.05,8.9,8.22,79.9,6.3,6.571428571,7.36,8,9.638623327,7,3,7,1,1,13,1,0,10,0,0.489855072,2.445095985,1.092023734,0.5,0.611111111,14.44444444,6.020540971,0.027777778,0,69,14
93,hyogenD_2019,narrative_essay,post,9,37,449,0,37,26,6.64,10.5,7.86,65.52,7.6,7.285714286,9.21,8.6,15.30965392,8,9,7,0,2,6,2,0,11,0,0.777011494,1.840705021,1.229583359,0.346153846,0.621621622,12.13513514,6.786959524,0.027027027,0.027027027,61,12
93,hyogenACE_2019,summary_essay,pre,13,28,448,7,14,10,6.81,11.1,9.96,62.07,9,8.833333333,11.02,11.5,27.29290254,9,11,8,0,2,7,0,0,6,0,0.823529412,1.277030971,1.091590137,0.392857143,0.735294118,13.17647059,6.740878753,0.029411765,0,51,10
93,hyogenACE_2019,summary_essay,pre,13,20,402,13,31,20,7.29,9.8,9.83,68.7,8.5,11.4,10.73,12,20.65310174,10,8,9,1,2,3,1,0,6,0,0.6,2.567764389,1.203891349,0.375,0.833333333,13.4,8.792420979,0.033333333,0,48,8
94,hyogenD_2019,analysis_essay,pre,9,18,334,0,2,4,8.14,16.3,15.86,37.13,14.4,10.33333333,12.13,15.7,13.94429123,16,5,0,1,1,8,0,0,3,0,0.618131868,1.784773664,0.833811783,0.533333333,0.333333333,18.55555556,5.707910906,0.055555556,0,44,5
94,hyogenACE_2019,summary_essay,pre,27,17,518,16,12,9,11.18,25,37.63,-13.29,35.9,16,14.82,46.1,14.65477252,36,8,3,1,2,1,0,0,8,0,0.569620253,2.626307412,0.987317455,0.533333333,0.391304348,22.52173913,10.76980306,0.043478261,0.043478261,45,5
95,hyogenACE_2019,summary_essay,pre,13,23,558,11,35,9,8.5,14.3,14.75,45.29,13.4,22.66666667,14.51,18.1,19.77222398,15,7,5,0,1,4,0,0,10,0,0.793956044,1.649097015,1.000845089,0.411764706,0.703703704,20.66666667,11.63010143,0.037037037,0.037037037,42,8
95,hyogenACE_2019,summary_essay,pre,15,14,443,16,12,11,9.08,16.7,19.08,32.4,18.3,17,14.86,24.3,35.38724523,17,5,8,0,2,2,1,0,3,0,0.66122449,2.293238462,1.089836456,0.444444444,0.761904762,21.0952381,9.314120166,0.047619048,0,40,10
96,hyogenACE_2019,narrative_essay,post,9,36,579,2,7,11,6.82,11,10.26,60.65,9.5,8.5,8.99,10.2,17.55558376,9,0,3,1,2,10,0,0,20,0,0.561403509,1.711842928,0.817658805,0.625,0.694444444,16.08333333,5.423073135,0.027777778,0,71,19